vid,utt_index,predicted,actual,text,utter_id_x,emotion,C-E1,C-E2,C-E4,sentence,utter_id_y,label,expected_label,is_correct
Ses05F_impro08,2,3,5,"All I want to do is put my, pay for my freaking credit card, and there's something wrong in my bill, Like I swear, it says I didn't paid last month, but I know I paid last month.",Ses05F_impro08_M001,fru,Frustration,Frustration,,"All I want to do is put my, pay for my freaking credit card, and there's something wrong in my bill, Like I swear, it says I didn't paid last month, but I know I paid last month.",2,5,,False
Ses05F_impro08,6,5,3,"This is ridiculous.  I- I seriously, I don't understand why you think these automated systems are supposed to like work for anybody.  They have never, ever work for me.",Ses05F_impro08_M004,ang,Frustration,Anger,,"This is ridiculous.  I- I seriously, I don't understand why you think these automated systems are supposed to like work for anybody.  They have never, ever work for me.",6,3,,False
Ses05F_impro08,11,2,5,Sir-,Ses05F_impro08_F006,fru,Frustration,Neutral,,Sir-,11,5,,False
Ses05F_impro08,14,5,3,"Like I know I paid last month, but it hasn't been paid and you charged me a late fee.",Ses05F_impro08_M007,ang,Frustration,Anger,,"Like I know I paid last month, but it hasn't been paid and you charged me a late fee.",14,3,,False
Ses05F_impro08,18,3,5,yeah,Ses05F_impro08_M009,fru,Frustration,Neutral,,yeah,18,5,,False
Ses05F_impro08,25,2,5,Okay.,Ses05F_impro08_F001,neu,Excited,Neutral,,Okay.,25,5,,False
Ses05F_impro08,29,2,5,It was one ninety eight sixty three. I paid the minimum.,Ses05F_impro08_M014,fru,Frustration,Neutral,,It was one ninety eight sixty three. I paid the minimum.,29,5,,False
Ses05F_impro08,40,2,5,Because I paid it on time.,Ses05F_impro08_M021,fru,Frustration,Neutral,,Because I paid it on time.,40,5,,False
Ses05F_impro08,46,2,0,"That would be wonderful, that would be great seriously.",Ses05F_impro08_M025,hap,Excited,Happiness,,"That would be wonderful, that would be great seriously.",46,0,,False
Ses05F_impro08,48,2,0,"thank you, what's the number?",Ses05F_impro08_M026,hap,Excited,Happiness,,"thank you, what's the number?",48,0,,False
Ses05F_impro08,52,4,0,"six four nine four. That would be so great, thank you so much.",Ses05F_impro08_M028,hap,Excited,Happiness,,"six four nine four. That would be so great, thank you so much.",52,0,,False
Ses05F_impro08,53,0,2,You're welcome,Ses05F_impro08_F029,neu,Excited,Neutral,,You're welcome,53,2,,False
Ses05F_impro08,55,2,0,"It was horrible, but you've made it much better, thank you very much. Absolutely",Ses05F_impro08_M030,hap,Excited,Happiness,,"It was horrible, but you've made it much better, thank you very much. Absolutely",55,0,,False
Ses05F_impro08,57,2,0,"You too, thank you so much, have a wonderful day.",Ses05F_impro08_M031,hap,Excited,Happiness,,"You too, thank you so much, have a wonderful day.",57,0,,False
Ses05F_impro01,5,5,1,"Well, I have no camera here.  I can't help you at all here, ma'am.  I have forms for something completely different.  You need to go to a different place.",Ses05F_impro01_M003,neu,Frustration,Neutral,Neutral,"Well, I have no camera here.  I can't help you at all here, ma'am.  I have forms for something completely different.  You need to go to a different place.",5,2,,False
Ses05F_impro01,9,5,1,There is a large line of people behind you waiting to be--,Ses05F_impro01_M005,fru,Frustration,Frustration,Other,There is a large line of people behind you waiting to be--,9,5,,False
Ses05F_impro01,10,5,1,I know.  I've been in line with these people.  I understand.  I understand what it's like.  Could you please like call over and-,Ses05F_impro01_F006,fru,Anger,Frustration,Frustration,I know.  I've been in line with these people.  I understand.  I understand what it's like.  Could you please like call over and-,10,5,,False
Ses05F_impro01,11,1,5,"I don't want to be rude here, ma'am, but line two B is where you need to be.  This is the line for registration.",Ses05F_impro01_M006,fru,Frustration,Frustration,Other,"I don't want to be rude here, ma'am, but line two B is where you need to be.  This is the line for registration.",11,5,,False
Ses05F_impro01,12,5,1,"I hear that.  I hear that.  Thank you, but I've waited in line for so long, and I don't want to have to be here all day.",Ses05F_impro01_F007,fru,Frustration,Neutral,Frustration,"I hear that.  I hear that.  Thank you, but I've waited in line for so long, and I don't want to have to be here all day.",12,5,,False
Ses05F_impro01,14,1,2,"So could I maybe get the form from you, fill it out here- and maybe you could-",Ses05F_impro01_F008,neu,Frustration,Neutral,Neutral,"So could I maybe get the form from you, fill it out here- and maybe you could-",14,2,,False
Ses05F_impro01,17,5,1,"Ma'am, obviously I have no idea how long it's taking.  There seems to be a bit of a line there.  It looks like thirty forty people.  It could take four to five hours.  I'm sorry.",Ses05F_impro01_M009,fru,Frustration,Frustration,Other,"Ma'am, obviously I have no idea how long it's taking.  There seems to be a bit of a line there.  It looks like thirty forty people.  It could take four to five hours.  I'm sorry.",17,5,,False
Ses05F_impro01,18,5,1,I don't-,Ses05F_impro01_F010,fru,Frustration,Frustration,Frustration,I don't-,18,5,,False
Ses05F_impro01,19,5,1,"There's nothing I can do for you, ma'am.",Ses05F_impro01_M010,fru,Frustration,Frustration,Frustration,"There's nothing I can do for you, ma'am.",19,5,,False
Ses05F_impro01,20,5,1,"I don't have time for this today, and-",Ses05F_impro01_F011,fru,Frustration,Frustration,Frustration,"I don't have time for this today, and-",20,5,,False
Ses05F_impro01,21,5,1,"But, obviously I don't have time for you to stand here and waste my time in this line.  There are other people who need service behind you who are waiting for the right things.",Ses05F_impro01_M011,fru,Frustration,Frustration,Frustration,"But, obviously I don't have time for you to stand here and waste my time in this line.  There are other people who need service behind you who are waiting for the right things.",21,5,,False
Ses05F_impro01,22,5,1,"Is there anything you can do?  Please, have some compassion.  Is there something you can do?",Ses05F_impro01_F012,fru,Frustration,Neutral,Frustration,"Is there anything you can do?  Please, have some compassion.  Is there something you can do?",22,5,,False
Ses05F_impro01,23,5,1,"I am a very compassionate person, and I'm offended that you imply that I'm not.  Of course, I'm compassionate.  Look, I work in the D.M.V..  What do you think I am?  Go wait in line two A.",Ses05F_impro01_M012,fru,Frustration,Anger,Frustration,"I am a very compassionate person, and I'm offended that you imply that I'm not.  Of course, I'm compassionate.  Look, I work in the D.M.V..  What do you think I am?  Go wait in line two A.",23,5,,False
Ses05F_impro01,25,5,1,"Please, I don't think that's necessary.  I'm just asking, maybe you could call over and say that somebody miss informed her because I didn't pick to stand in this line.  I asked them where to stand, and they told me here.",Ses05F_impro01_F013,fru,Frustration,Frustration,Frustration,"Please, I don't think that's necessary.  I'm just asking, maybe you could call over and say that somebody miss informed her because I didn't pick to stand in this line.  I asked them where to stand, and they told me here.",25,5,,False
Ses05F_impro01,27,5,1,"No, they did.  The lady over there told me to stand in this line and I've been here for an hour.",Ses05F_impro01_F014,fru,Frustration,Anger,Frustration,"No, they did.  The lady over there told me to stand in this line and I've been here for an hour.",27,5,,False
Ses05F_impro01,28,5,1,"what The lady, what? the janitor?",Ses05F_impro01_M015,fru,Frustration,Anger,Frustration,"what The lady, what? the janitor?",28,5,,False
Ses05F_impro01,29,5,4,No.,Ses05F_impro01_FXX0,unknown,,,,No.,29,5,,False
Ses05F_impro05,22,5,2,And you couldn't find it?,Ses05F_impro05_M011,fru,Frustration,Frustration,Neutral,And you couldn't find it?,22,5,,False
Ses05F_impro05,23,5,2,"No, it didn't turn up at the baggage claim.",Ses05F_impro05_F011,fru,Frustration,Anger,Frustration,"No, it didn't turn up at the baggage claim.",23,5,,False
Ses05F_impro05,27,5,2,Okay.,Ses05F_impro05_F013,fru,Frustration,Frustration,Frustration,Okay.,27,5,,False
Ses05F_impro05,36,5,2,"Well,",Ses05F_impro05_M019,neu,Neutral,Neutral,Neutral,"Well,",36,2,,False
Ses05F_impro05,54,5,3,Why do I need flight insurance?  Why don't you guys just guarantee that you're going to get the stuff that I leave with to my destination?,Ses05F_impro05_F026,fru,Frustration,Anger,Frustration,Why do I need flight insurance?  Why don't you guys just guarantee that you're going to get the stuff that I leave with to my destination?,54,5,,False
Ses05F_impro05,56,5,3,"Right, but if I'm riding a bus, I don't need to buy luggage insurance that the backpack I take on is going to get to my destination with me.",Ses05F_impro05_F027,fru,Frustration,Anger,Frustration,"Right, but if I'm riding a bus, I don't need to buy luggage insurance that the backpack I take on is going to get to my destination with me.",56,5,,False
Ses05F_impro05,60,5,3,"Well, you know what, it could still turn up, but until then I can offer you this fifty dollar voucher.",Ses05F_impro05_M035,fru,Frustration,Frustration,Neutral,"Well, you know what, it could still turn up, but until then I can offer you this fifty dollar voucher.",60,5,,False
Ses05F_impro04,0,3,2,"Brian, I need help.",Ses05F_impro04_F000,sad,Sadness,Sadness,Sadness,"Brian, I need help.",0,1,,False
Ses05F_impro04,2,5,2,"Well, of course not, but what are you going to do if you move back home?  Are you going to be able to find a job there?",Ses05F_impro04_M001,neu,Frustration,Neutral,Neutral,"Well, of course not, but what are you going to do if you move back home?  Are you going to be able to find a job there?",2,2,,False
Ses05F_impro04,3,2,5,"I don't know.  I mean, what am I supposed to do? I've It's not for lack of effort.  I've been trying.",Ses05F_impro04_F002,fru,Frustration,Sadness,Frustration,"I don't know.  I mean, what am I supposed to do? I've It's not for lack of effort.  I've been trying.",3,5,,False
Ses05F_impro04,4,2,5,"I wish I had some answers for you, babe.  I mean-I don't know what to tell you.",Ses05F_impro04_M002,fru,Frustration,Frustration,Frustration,"I wish I had some answers for you, babe.  I mean-I don't know what to tell you.",4,5,,False
Ses05F_impro04,9,2,5,It's not fair.,Ses05F_impro04_F005,fru,Frustration,Anger,Frustration,It's not fair.,9,5,,False
Ses05F_impro04,12,3,5,I,Ses05F_impro04_M006,fru,Frustration,Frustration,Frustration,I,12,5,,False
Ses05F_impro04,14,5,3,"No, it doesn't pay the bills, but it would pay something.  And it would help you get somewhere else.",Ses05F_impro04_M007,neu,Anger,Neutral,Neutral,"No, it doesn't pay the bills, but it would pay something.  And it would help you get somewhere else.",14,2,,False
Ses05F_impro04,16,5,3,"and No, I understand, but you've got to start somewhere.  It's better than nothing and that's all you have.  You have nothing right now.",Ses05F_impro04_M008,neu,Frustration,Neutral,Neutral,"and No, I understand, but you've got to start somewhere.  It's better than nothing and that's all you have.  You have nothing right now.",16,2,,False
Ses05F_impro04,21,5,3,This is humiliating.,Ses05F_impro04_F011,fru,Frustration,Anger,Frustration,This is humiliating.,21,5,,False
Ses05F_impro04,23,5,1,"No, I don't I don't want to accept that.  I think that's bullshit.",Ses05F_impro04_F012,fru,Frustration,Anger,Frustration,"No, I don't I don't want to accept that.  I think that's bullshit.",23,5,,False
Ses05F_impro04,25,5,3,I don't know.  I feel like I've tried everything.,Ses05F_impro04_F013,fru,Frustration,Frustration,Frustration,I don't know.  I feel like I've tried everything.,25,5,,False
Ses05M_impro08,12,2,5,"Okay. Um-  Well, I don't know.  And it consistently happens every two weeks?",Ses05M_impro08_M006,neu,Neutral,Neutral,Other,"Okay. Um-  Well, I don't know.  And it consistently happens every two weeks?",12,2,,False
Ses05M_impro08,21,5,2,"Well, I- I can check that.  Is there anything else we can do, too?  Like, I'll go through and check the line throughout the house, but --",Ses05M_impro08_F011,neu,Frustration,Neutral,Neutral,"Well, I- I can check that.  Is there anything else we can do, too?  Like, I'll go through and check the line throughout the house, but --",21,2,,False
Ses05M_impro08,22,5,2,"Yeah, well, absolutely.  What we can -- let's just go ahead and just do a basic diagnostic of your system first off, okay.  Can you go down to your start button?",Ses05M_impro08_M011,neu,Neutral,Neutral,Neutral,"Yeah, well, absolutely.  What we can -- let's just go ahead and just do a basic diagnostic of your system first off, okay.  Can you go down to your start button?",22,2,,False
Ses05M_impro08,28,2,5,"Okay Uh- You've got your C calling, go ahead and type in directory list.",Ses05M_impro08_M014,neu,Neutral,Neutral,Neutral,"Okay Uh- You've got your C calling, go ahead and type in directory list.",28,2,,False
Ses05M_impro08,32,2,5,Okay?  Can you tell me what that says?,Ses05M_impro08_M016,neu,Neutral,Neutral,Neutral,Okay?  Can you tell me what that says?,32,2,,False
Ses05M_impro08,33,2,5,"Uh, it it's like a bunch of different letter and numbers and stuff.",Ses05M_impro08_F017,neu,Neutral,Neutral,Neutral,"Uh, it it's like a bunch of different letter and numbers and stuff.",33,2,,False
Ses05M_impro08,41,5,3,"Oh, my God.  I can't even tell you how much of a relief that is.  I literally call and talk to five different people.  Like last week it went off and I spent an hour and a half on the phone with different people.  And I've been doing that like every, every other week for months now.",Ses05M_impro08_F022,hap,Excited,Happiness,Surprise,"Oh, my God.  I can't even tell you how much of a relief that is.  I literally call and talk to five different people.  Like last week it went off and I spent an hour and a half on the phone with different people.  And I've been doing that like every, every other week for months now.",41,0,,False
Ses05M_impro08,44,2,5,Absolutely. And I just don't want that to happen to you anymore.,Ses05M_impro08_M023,neu,Excited,Neutral,Neutral,Absolutely. And I just don't want that to happen to you anymore.,44,2,,False
Ses05M_impro08,46,5,2,"Yeah, accountability.  It's awesome.",Ses05M_impro08_F025,hap,Happiness,Happiness,Happiness,"Yeah, accountability.  It's awesome.",46,0,,False
Ses05M_impro08,47,5,3,Uh huh Uh huh We want you to be happy.  You're our customer.  You're the most important thing. Okay?,Ses05M_impro08_M025,neu,Excited,Neutral,Neutral,Uh huh Uh huh We want you to be happy.  You're our customer.  You're the most important thing. Okay?,47,2,,False
Ses05M_impro08,48,5,3,"Wow.  You know I was thinking about changing internet providers, but but that- that really is enough to change my mind.",Ses05M_impro08_F026,hap,Happiness,Surprise,Happiness,"Wow.  You know I was thinking about changing internet providers, but but that- that really is enough to change my mind.",48,0,,False
Ses05M_impro08,50,5,3,No.  I'm just gonna go have a fantastic day now.,Ses05M_impro08_F027,hap,Excited,Happiness,Happiness,No.  I'm just gonna go have a fantastic day now.,50,0,,False
Ses05M_impro08,51,2,5,All right.  You have a wonderful day.  Call us anytime.,Ses05M_impro08_M027,neu,Happiness,Neutral,Neutral,All right.  You have a wonderful day.  Call us anytime.,51,2,,False
Ses05M_impro08,52,2,5,Okay.  Thanks.,Ses05M_impro08_F028,hap,Excited,Happiness,Happiness,Okay.  Thanks.,52,0,,False
Ses05M_impro08,53,5,3,"All right.  Bye, bye.",Ses05M_impro08_M028,hap,Happiness,Neutral,Happiness,"All right.  Bye, bye.",53,0,,False
Ses05F_script03_2,0,2,5,You knew there was nothing in that.,Ses05F_script03_2_F000,neu,Frustration,Neutral,Neutral,You knew there was nothing in that.,0,2,,False
Ses05F_script03_2,1,5,3,Only a trivial little broach.,Ses05F_script03_2_F001,neu,Frustration,Neutral,Neutral,Only a trivial little broach.,1,2,,False
Ses05F_script03_2,2,2,5,You worked the whole thing up in your jealous imagination.,Ses05F_script03_2_F003,neu,Frustration,Neutral,Neutral,You worked the whole thing up in your jealous imagination.,2,2,,False
Ses05F_script03_2,3,5,3,"You must admit that he was in love with you, wasn't he?",Ses05F_script03_2_M004,ang,Anger,Anger,Other,"You must admit that he was in love with you, wasn't he?",3,3,,False
Ses05F_script03_2,8,3,5,"Well, I- he got a lot of pleasure out of it and it didn't hurt me.",Ses05F_script03_2_F006,neu,Frustration,Neutral,Neutral,"Well, I- he got a lot of pleasure out of it and it didn't hurt me.",8,2,,False
Ses05F_script03_2,12,2,5,I'll have a little I think.,Ses05F_script03_2_M010,neu,Frustration,Neutral,Neutral,I'll have a little I think.,12,2,,False
Ses05F_script03_2,14,5,2,"Well, it seems silly to go on and on in such a thing.",Ses05F_script03_2_F011,neu,Frustration,Neutral,Neutral,"Well, it seems silly to go on and on in such a thing.",14,2,,False
Ses05F_script03_2,15,5,3,It's becoming a habit with you.,Ses05F_script03_2_F012,neu,Frustration,Neutral,Neutral,It's becoming a habit with you.,15,2,,False
Ses05F_script03_2,17,2,5,"Really, Amanda.",Ses05F_script03_2_M014,ang,Anger,Anger,Other,"Really, Amanda.",17,3,,False
Ses05F_script03_2,18,5,2,Just making myself fascinating for you.,Ses05F_script03_2_F014,neu,Frustration,Neutral,Neutral,Just making myself fascinating for you.,18,2,,False
Ses05F_script03_2,19,5,3,"Oh, that reply has broken my heart.",Ses05F_script03_2_M016,ang,Anger,Anger,Neutral,"Oh, that reply has broken my heart.",19,3,,False
Ses05F_script03_2,21,5,3,It's a pity you didn't take a little more brandy.  It might have made you a little less disagreeable.,Ses05F_script03_2_M019,ang,Anger,Anger,Frustration,It's a pity you didn't take a little more brandy.  It might have made you a little less disagreeable.,21,3,,False
Ses05F_script03_2,26,2,5,"I don't care if they bark and roll around like hoops, okay.",Ses05F_script03_2_F021,ang,Anger,Anger,Frustration,"I don't care if they bark and roll around like hoops, okay.",26,3,,False
Ses05F_script03_2,28,2,5,Did you see much of Peter Burden after the divorce?,Ses05F_script03_2_M024,ang,Anger,Anger,Other,Did you see much of Peter Burden after the divorce?,28,3,,False
Ses05F_script03_2,30,2,5,I suppose you let him kiss you a good deal more then.,Ses05F_script03_2_M025,ang,Anger,Anger,Other,I suppose you let him kiss you a good deal more then.,30,3,,False
Ses05F_script03_2,32,2,5,"You must have a riotous time, no restraint at all, very enjoyable.  I mean, you never had much anyway.",Ses05F_script03_2_M026,ang,Anger,Anger,Other,"You must have a riotous time, no restraint at all, very enjoyable.  I mean, you never had much anyway.",32,3,,False
Ses05F_script03_2,33,5,3,"Oh dear, you really are becoming quite insufferable.  I would imagine it's because you're drunk.",Ses05F_script03_2_F024,ang,Anger,Anger,Other,"Oh dear, you really are becoming quite insufferable.  I would imagine it's because you're drunk.",33,3,,False
Ses05F_script03_2,35,5,3,"Oh, This is very interesting.  We- we might get a splendid debate going about this intemperate tots.",Ses05F_script03_2_M030,fru,Frustration,Anger,Frustration,"Oh, This is very interesting.  We- we might get a splendid debate going about this intemperate tots.",35,5,,False
Ses05F_script03_2,36,2,5,"Not very funny, dear, you better have some more brandy.",Ses05F_script03_2_F027,ang,Anger,Anger,Other,"Not very funny, dear, you better have some more brandy.",36,3,,False
Ses05F_script03_2,45,5,2,"Well, do try to control yourself darling.",Ses05F_script03_2_F034,ang,Anger,Anger,Frustration,"Well, do try to control yourself darling.",45,3,,False
Ses05F_script03_2,47,5,2,You really do need to develop uh a clearer head.,Ses05F_script03_2_F035,ang,Anger,Anger,Anger,You really do need to develop uh a clearer head.,47,3,,False
Ses05F_script03_2,49,2,5,I- I hate you.,Ses05F_script03_2_F036,ang,Anger,Anger,Frustration,I- I hate you.,49,3,,False
Ses05F_script03_2,50,5,3,Amanda-- Listen- Listen-,Ses05F_script03_2_M040,ang,Anger,Anger,Anger,Amanda-- Listen- Listen-,50,3,,False
Ses05F_script03_2,51,2,5,I hate you.,Ses05F_script03_2_F037,ang,Anger,Anger,Frustration,I hate you.,51,3,,False
Ses05F_script03_2,57,3,5,"Shut up, shut up.  I wouldn't marry you again if you came crawling to me on bended knee. You're a mean, evil-minded little vampire and I hope to God I never set eyes on you again.",Ses05F_script03_2_M043,ang,Anger,Anger,Frustration,"Shut up, shut up.  I wouldn't marry you again if you came crawling to me on bended knee. You're a mean, evil-minded little vampire and I hope to God I never set eyes on you again.",57,3,,False
Ses05F_script02_2,3,5,3,"I am not the only one, look at all these people.",Ses05F_script02_2_M003,neu,Frustration,Neutral,Neutral,"I am not the only one, look at all these people.",3,2,,False
Ses05F_script02_2,5,5,3,"Carla, can I ask you a question?  Now don't be upset, are you having a period?",Ses05F_script02_2_M005,neu,Frustration,Neutral,Neutral,"Carla, can I ask you a question?  Now don't be upset, are you having a period?",5,2,,False
Ses05M_impro04,17,1,2,"Yeah, yeah.  Well, hello.  That's what I'm doing too.  But I can't get the restaurant job.  I can't get -- -- the restaurant gig.  No one will give me anything.",Ses05M_impro04_M011,fru,Frustration,Frustration,Frustration,"Yeah, yeah.  Well, hello.  That's what I'm doing too.  But I can't get the restaurant job.  I can't get -- -- the restaurant gig.  No one will give me anything.",17,5,,False
Ses05M_impro04,28,2,5,"Yeah, but I'm -- okay, well how about personality wise?  I mean, people who know me won't hire me.  Why?",Ses05M_impro04_M017,fru,Frustration,Frustration,Neutral,"Yeah, but I'm -- okay, well how about personality wise?  I mean, people who know me won't hire me.  Why?",28,5,,False
Ses05M_impro04,31,5,3,"Right.  Maybe you have, like, you know a little bit of an abrasive vibe or something.",Ses05M_impro04_F014,neu,Neutral,Neutral,Neutral,"Right.  Maybe you have, like, you know a little bit of an abrasive vibe or something.",31,2,,False
Ses05M_impro04,46,5,1,Okay so.,Ses05M_impro04_F023,neu,Frustration,Neutral,Neutral,Okay so.,46,2,,False
Ses05M_impro04,48,5,1,Because that would just really be a topper for me.,Ses05M_impro04_M026,fru,Frustration,Neutral,Frustration,Because that would just really be a topper for me.,48,5,,False
Ses05M_impro04,56,2,5,Have you checked out Craig's List and stuff?,Ses05M_impro04_F029,neu,Neutral,Neutral,Neutral,Have you checked out Craig's List and stuff?,56,2,,False
Ses05M_impro04,57,5,1,Yes!  Nobody wants a juggler.  I am not going to -- I'm not going to dress up like a clown. I'm not going to dress up like a freaking clown. No.,Ses05M_impro04_M031,fru,Frustration,Frustration,Frustration,Yes!  Nobody wants a juggler.  I am not going to -- I'm not going to dress up like a clown. I'm not going to dress up like a freaking clown. No.,57,5,,False
Ses05M_impro04,60,2,5,Okay.  All right.,Ses05M_impro04_F031,neu,Neutral,Neutral,Neutral,Okay.  All right.,60,2,,False
Ses05M_impro04,64,5,2,What else?  I can't -- uh.  I'm drawing a blank here.,Ses05M_impro04_F033,fru,Frustration,Frustration,Neutral,What else?  I can't -- uh.  I'm drawing a blank here.,64,5,,False
Ses05M_impro04,67,1,5,"Well, um, is that kinda like the side of you that you let people see when you go into these job interviews?",Ses05M_impro04_F035,neu,Neutral,Neutral,Neutral,"Well, um, is that kinda like the side of you that you let people see when you go into these job interviews?",67,2,,False
Ses05M_impro04,72,5,2,see.,Ses05M_impro04_M039,fru,Anger,Frustration,Frustration,see.,72,5,,False
Ses05M_script03_2,5,0,5,He let him kiss you.  You said you did.,Ses05M_script03_2_M005,fru,Frustration,Frustration,Neutral,He let him kiss you.  You said you did.,5,5,,False
Ses05M_script03_2,7,1,5,Well it gave him a lot of pleasure and it didn't hurt me.,Ses05M_script03_2_F006,neu,Frustration,Neutral,Neutral,Well it gave him a lot of pleasure and it didn't hurt me.,7,2,,False
Ses05M_script03_2,8,0,2,"Well, that's a nice point of view I must say.",Ses05M_script03_2_M008,ang,Frustration,Anger,Anger,"Well, that's a nice point of view I must say.",8,3,,False
Ses05M_script03_2,9,0,2,I'm getting very bored with this conversation.,Ses05M_script03_2_F008,fru,Frustration,Frustration,Other,I'm getting very bored with this conversation.,9,5,,False
Ses05M_script03_2,11,0,2,Do you want some brandy?,Ses05M_script03_2_M010,neu,Frustration,Neutral,Neutral,Do you want some brandy?,11,2,,False
Ses05M_script03_2,15,0,2,Don't be stupid.,Ses05M_script03_2_F013,fru,Frustration,Anger,Frustration,Don't be stupid.,15,5,,False
Ses05M_script03_2,17,0,1,"Nothing.  Are you going out somewhere, darling?",Ses05M_script03_2_M016,fru,Frustration,Frustration,Frustration,"Nothing.  Are you going out somewhere, darling?",17,5,,False
Ses05M_script03_2,19,1,2,"Um- Well, that reply has just broken my heart.",Ses05M_script03_2_M017,fru,Frustration,Anger,Frustration,"Um- Well, that reply has just broken my heart.",19,5,,False
Ses05M_script03_2,21,5,2,"No, it it is not, be quiet.",Ses05M_script03_2_F018,ang,Anger,Anger,Other,"No, it it is not, be quiet.",21,3,,False
Ses05M_script03_2,23,5,2,"Nonsense, they've got a little bag of venom behind their fangs and they snap!",Ses05M_script03_2_M022,fru,Frustration,Anger,Frustration,"Nonsense, they've got a little bag of venom behind their fangs and they snap!",23,5,,False
Ses05M_script03_2,35,2,5,Not- Would you shut up.,Ses05M_script03_2_F028,ang,Anger,Frustration,Anger,Not- Would you shut up.,35,3,,False
Ses05M_script03_2,37,2,5,"You're not very funny, dear.  You better have some more brandy.",Ses05M_script03_2_F029,fru,Frustration,Anger,Frustration,"You're not very funny, dear.  You better have some more brandy.",37,5,,False
Ses05M_script03_2,39,2,5,"You better turn that off, I think.",Ses05M_script03_2_M032,ang,Frustration,Anger,Anger,"You better turn that off, I think.",39,3,,False
Ses05M_impro05,9,5,0,"So, within the country, though? umm",Ses05M_impro05_F004,neu,Frustration,,Neutral,"So, within the country, though? umm",9,2,,False
Ses05M_impro05,17,2,0,Okay.,Ses05M_impro05_F008,neu,Frustration,,Neutral,Okay.,17,2,,False
Ses05M_impro05,21,2,0,"Well, no one even told me about that.  Like, why would I think to buy insurance?  I was- It's like a three hour flight.",Ses05M_impro05_M012,fru,Frustration,,Frustration,"Well, no one even told me about that.  Like, why would I think to buy insurance?  I was- It's like a three hour flight.",21,5,,False
Ses05M_impro03,20,2,3,"No, it's totally original, though.",Ses05M_impro03_F009,hap,Happiness,Happiness,Happiness,"No, it's totally original, though.",20,0,,False
Ses05M_impro03,24,3,5,"Yes.  We did that in the beginning, exactly.  So we had, so we just had, you know, good times the rest of the weekend, yeah.",Ses05M_impro03_M014,hap,Happiness,Happiness,Excited,"Yes.  We did that in the beginning, exactly.  So we had, so we just had, you know, good times the rest of the weekend, yeah.",24,0,,False
Ses05M_impro03,35,5,2,Of course.  We'll go out to dinner later this week.,Ses05M_impro03_M020,exc,Excited,Excited,Neutral,Of course.  We'll go out to dinner later this week.,35,4,,False
Ses05M_impro03,36,5,3,yes.,Ses05M_impro03_F018,exc,Happiness,Excited,Excited,yes.,36,4,,False
Ses05M_impro03,37,3,5,It will be perfect.,Ses05M_impro03_M021,exc,Excited,Excited,Neutral,It will be perfect.,37,4,,False
Ses05M_impro03,39,2,3,oh.,Ses05M_impro03_F010,hap,Happiness,Happiness,Happiness,oh.,39,0,,False
Ses05M_impro03,41,5,3,"Oh, my gosh.  You told your parents already? and everything",Ses05M_impro03_F021,hap,Happiness,Happiness,Excited,"Oh, my gosh.  You told your parents already? and everything",41,0,,False
Ses05M_impro03,45,5,3,She wants grandkids. So we'll be working on that right away.,Ses05M_impro03_M026,hap,Happiness,Happiness,Happiness,She wants grandkids. So we'll be working on that right away.,45,0,,False
Ses05M_impro03,46,3,2,Are you guys gonna have kids?,Ses05M_impro03_F023,exc,Excited,Surprise,Excited,Are you guys gonna have kids?,46,4,,False
Ses05M_impro03,51,3,5,"Yeah, have you ever like lived with someone else before?",Ses05M_impro03_F027,neu,Happiness,Neutral,Neutral,"Yeah, have you ever like lived with someone else before?",51,2,,False
Ses05M_impro03,52,3,5,"Oh, yeah, yeah, yeah, yeah I mean, actually we lived together awhile back when we -- Yeah, back in college for a little while. yeah.",Ses05M_impro03_M030,hap,Happiness,Happiness,Neutral,"Oh, yeah, yeah, yeah, yeah I mean, actually we lived together awhile back when we -- Yeah, back in college for a little while. yeah.",52,0,,False
Ses05M_impro03,54,3,5,Oooh,Ses05M_impro03_F030,neu,Happiness,Neutral,Neutral,Oooh,54,2,,False
Ses05M_impro03,55,3,5,it's great. I'm a lucky man.,Ses05M_impro03_M032,hap,Happiness,Excited,Happiness,it's great. I'm a lucky man.,55,0,,False
Ses05M_impro03,57,2,3,Thank you.,Ses05M_impro03_M033,hap,Happiness,Happiness,Happiness,Thank you.,57,0,,False
Ses05M_script01_3,0,2,3,You're the only one I know who loves his parents.,Ses05M_script01_3_F000,neu,Frustration,Neutral,Neutral,You're the only one I know who loves his parents.,0,2,,False
Ses05F_impro02,7,2,4,What am I going to do?,Ses05F_impro02_M006,fru,Frustration,Surprise,Frustration,What am I going to do?,7,5,,False
Ses05F_impro02,8,2,5,"I don't know ""sigh"".",Ses05F_impro02_F008,sad,Sadness,Sadness,Frustration,"I don't know ""sigh"".",8,1,,False
Ses05F_impro02,13,5,3,Iraq.,Ses05F_impro02_F006,fea,Fear,Sadness,Fear,Iraq.,13,1,,False
Ses05F_impro02,18,2,5,It doesn't make any sense.  It's stupid.  I told you you shouldn't go in the Army.,Ses05F_impro02_M015,ang,Anger,Anger,Anger,It doesn't make any sense.  It's stupid.  I told you you shouldn't go in the Army.,18,3,,False
Ses05F_impro02,21,3,5,"I don't know, I'm just--I'm trying to think of something.",Ses05F_impro02_F018,fru,Surprise,Frustration,Frustration,"I don't know, I'm just--I'm trying to think of something.",21,5,,False
Ses05F_impro02,22,5,2,You can't what?,Ses05F_impro02_F020,fru,Frustration,Sadness,Frustration,You can't what?,22,5,,False
Ses05F_impro02,31,1,0,I understand.  I'm worried about you.  I don't know what's going to happen to you.,Ses05F_impro02_M029,sad,Sadness,Sadness,Sadness,I understand.  I'm worried about you.  I don't know what's going to happen to you.,31,1,,False
Ses05F_impro02,35,2,4,We'll figure something out.  We just have to ... we just have to think about this.  Could any of your family help us?,Ses05F_impro02_F029,sad,Sadness,Sadness,Frustration,We'll figure something out.  We just have to ... we just have to think about this.  Could any of your family help us?,35,1,,False
Ses05F_impro02,37,2,4,Yeah.  I guess.  I don't know what they're going to say.,Ses05F_impro02_M033,sad,Sadness,Sadness,Sadness,Yeah.  I guess.  I don't know what they're going to say.,37,1,,False
Ses05F_impro02,39,2,4,I'm going to miss their first words.,Ses05F_impro02_F031,sad,Sadness,Sadness,Sadness,I'm going to miss their first words.,39,1,,False
Ses05F_impro02,40,1,5,I know.,Ses05F_impro02_F027,sad,Sadness,Sadness,Frustration,I know.,40,1,,False
Ses05F_impro02,41,2,5,You'll have to send me pictures and letters everyday.,Ses05F_impro02_F032,sad,Sadness,Sadness,Frustration,You'll have to send me pictures and letters everyday.,41,1,,False
Ses05F_impro02,44,3,5,"""sigh"" Three weeks.",Ses05F_impro02_F035,sad,Sadness,Sadness,Sadness,"""sigh"" Three weeks.",44,1,,False
Ses05F_impro02,48,3,1,"I love you.  I'm going to miss you so much. ""sigh""",Ses05F_impro02_F038,sad,Sadness,Sadness,Sadness,"I love you.  I'm going to miss you so much. ""sigh""",48,1,,False
Ses05F_script02_1,7,2,5,It's not your flashlight.,Ses05F_script02_1_F002,fru,Frustration,Anger,,It's not your flashlight.,7,5,,False
Ses05F_script02_1,8,2,5,Whose is it?,Ses05F_script02_1_M005,fru,Frustration,Happiness,,Whose is it?,8,5,,False
Ses05F_script02_1,9,2,5,"Well, Sure.",Ses05F_script02_1_M006,fru,Frustration,Neutral,,"Well, Sure.",9,5,,False
Ses05F_script02_1,11,4,5,"No, Of course, you are right.  Our flashlight.  Me flashlight is you flashlight naturally.  How can we not think to bring it?",Ses05F_script02_1_M007,fru,Frustration,Happiness,,"No, Of course, you are right.  Our flashlight.  Me flashlight is you flashlight naturally.  How can we not think to bring it?",11,5,,False
Ses05F_script02_1,16,2,4,you want my jacket?,Ses05F_script02_1_M012,exc,Excited,Neutral,,you want my jacket?,16,4,,False
Ses05F_script02_1,17,5,2,"It's after eleven, let's go home.",Ses05F_script02_1_F007,neu,Sadness,Neutral,,"It's after eleven, let's go home.",17,2,,False
Ses05F_script02_1,19,5,4,Right.,Ses05F_script02_1_M014,exc,Excited,Neutral,,Right.,19,4,,False
Ses05F_script02_1,21,1,2,Not particularly.,Ses05F_script02_1_F011,neu,Frustration,Neutral,,Not particularly.,21,2,,False
Ses05F_script02_1,23,1,2,I just don't.,Ses05F_script02_1_F012,neu,Frustration,Neutral,,I just don't.,23,2,,False
Ses05F_script02_1,32,5,2,I am just not.,Ses05F_script02_1_F015,neu,Frustration,Neutral,,I am just not.,32,2,,False
Ses05F_script02_1,35,1,5,We weren't in a good spot.,Ses05F_script02_1_M027,fru,Frustration,Neutral,,We weren't in a good spot.,35,5,,False
Ses05F_impro03,40,0,4,"The exact right guy, I fully approve.  He's a wonderful guy.  We have a great time.  He can drink.  That's awesome.",Ses05F_impro03_M037,exc,Excited,Excited,Happiness,"The exact right guy, I fully approve.  He's a wonderful guy.  We have a great time.  He can drink.  That's awesome.",40,4,,False
Ses05F_impro03,46,0,4,"Exactly, ""laugh"".",Ses05F_impro03_M041,hap,Excited,Happiness,Happiness,"Exactly, ""laugh"".",46,0,,False
Ses05F_impro03,47,0,4,Sorry.,Ses05F_impro03_F011,exc,Excited,Happiness,Excited,Sorry.,47,0,,False
Ses05F_impro03,49,2,4,"Oh, thanks. move here before you get married [LAUGHTER]",Ses05F_impro03_M043,exc,Excited,Happiness,Excited,"Oh, thanks. move here before you get married [LAUGHTER]",49,4,,False
Ses05F_impro03,54,0,4,I can't believe it.,Ses05F_impro03_M046,exc,Excited,Surprise,Excited,I can't believe it.,54,4,,False
Ses05F_impro03,56,0,4,So I was one of the first ones? That makes me feel so important.,Ses05F_impro03_M049,hap,Happiness,Happiness,Neutral,So I was one of the first ones? That makes me feel so important.,56,0,,False
Ses05F_impro03,59,0,4,I think it's a good idea to live together before you get married.,Ses05F_impro03_F047,hap,Happiness,Happiness,Neutral,I think it's a good idea to live together before you get married.,59,0,,False
Ses05F_impro03,63,0,4,"Two artists, though.  We're bound to be poor forever.",Ses05F_impro03_F051,hap,Excited,Happiness,Happiness,"Two artists, though.  We're bound to be poor forever.",63,0,,False
Ses05F_impro03,68,4,0,[LAUGHTER] Good luck.,Ses05F_impro03_F055,hap,Happiness,Happiness,Excited,[LAUGHTER] Good luck.,68,0,,False
Ses05F_impro03,71,2,0,"You won't have trouble, You won't have trouble.",Ses05F_impro03_F056,hap,Happiness,Happiness,Neutral,"You won't have trouble, You won't have trouble.",71,0,,False
Ses05F_impro03,73,2,0,just being polite now,Ses05F_impro03_M063,hap,Happiness,Happiness,Neutral,just being polite now,73,0,,False
Ses05F_impro03,76,2,0,"Exactly, [LAUGHTER] I think that'll go over great, don't you?",Ses05F_impro03_M065,hap,Happiness,Happiness,Excited,"Exactly, [LAUGHTER] I think that'll go over great, don't you?",76,0,,False
Ses05F_impro03,77,2,4,"Yeah, totally.",Ses05F_impro03_F058,hap,Happiness,Happiness,Other,"Yeah, totally.",77,0,,False
Ses05F_impro03,80,0,4,Would you mind popping out a few for me?,Ses05F_impro03_M067,hap,Happiness,Happiness,Excited,Would you mind popping out a few for me?,80,0,,False
Ses05F_impro03,82,4,0,"That'd be great, thanks.",Ses05F_impro03_M068,hap,Happiness,Happiness,Excited,"That'd be great, thanks.",82,0,,False
Ses05F_impro06,2,4,0,"Oh they had some pretty progressive cancer,",Ses05F_impro06_F001,sad,Sadness,Sadness,Sadness,"Oh they had some pretty progressive cancer,",2,1,,False
Ses05F_impro06,3,4,0,"metastasized and it was old and they knew that it wasn't looking good, but-",Ses05F_impro06_F002,sad,Sadness,Sadness,Sadness,"metastasized and it was old and they knew that it wasn't looking good, but-",3,1,,False
Ses05F_impro06,10,0,4,"It's hard to watch when it's painful for them, you know.",Ses05F_impro06_F006,sad,Anger,Sadness,Sadness,"It's hard to watch when it's painful for them, you know.",10,1,,False
Ses05F_impro06,12,0,4,It's the think,Ses05F_impro06_M006,sad,Sadness,Sadness,Neutral,It's the think,12,1,,False
Ses05F_impro06,13,4,0,"I just, I don't know.",Ses05F_impro06_F007,sad,Anger,Sadness,Sadness,"I just, I don't know.",13,1,,False
Ses05F_impro06,17,0,4,Yeah?  What'd he do?  What did they do?  How'd you know him?,Ses05F_impro06_M008,sad,Sadness,Sadness,Neutral,Yeah?  What'd he do?  What did they do?  How'd you know him?,17,1,,False
Ses05F_impro06,39,4,0,something happens and they die and it's like-,Ses05F_impro06_F022,sad,Sadness,Sadness,Neutral,something happens and they die and it's like-,39,1,,False
Ses05M_script02_2,0,2,1,"Well, so, what do you think?",Ses05M_script02_2_M000,exc,Frustration,Excited,Excited,"Well, so, what do you think?",0,4,,False
Ses05M_script02_2,2,2,1,What I was just saying.,Ses05M_script02_2_M001,exc,Frustration,Excited,Excited,What I was just saying.,2,4,,False
Ses05M_script02_2,13,1,2,"Twice is every time we've tried, that's ever",Ses05M_script02_2_F009,ang,Anger,Anger,Frustration,"Twice is every time we've tried, that's ever",13,3,,False
Ses05M_script02_2,15,1,2,"Okey, They're just fish.  It's nothing to get traumatized over.",Ses05M_script02_2_M011,fru,Frustration,Frustration,Frustration,"Okey, They're just fish.  It's nothing to get traumatized over.",15,5,,False
Ses05M_script02_2,21,1,2,Do you remember the first time that we came to see the grunion?  It was about four years ago right after we got married.  We thought I was pregnant.  We had a bottle of champagne and no glasses.  You asked me to dance.  We took off our shoes.  And while we were dancing you said the most intimate things to me right in my ear so I could feel them as much as hear them.,Ses05M_script02_2_F013,sad,Sadness,Sadness,Sadness,Do you remember the first time that we came to see the grunion?  It was about four years ago right after we got married.  We thought I was pregnant.  We had a bottle of champagne and no glasses.  You asked me to dance.  We took off our shoes.  And while we were dancing you said the most intimate things to me right in my ear so I could feel them as much as hear them.,21,1,,False
Ses05M_script02_2,23,1,2,"Dancing barefoot in the sand, drinking champagne out of the bottle.",Ses05M_script02_2_F015,sad,Sadness,Sadness,Frustration,"Dancing barefoot in the sand, drinking champagne out of the bottle.",23,1,,False
Ses05M_script02_2,25,1,2,I would rather not remember some things.  I'd rather not hope for something.,Ses05M_script02_2_F016,sad,Sadness,Sadness,Sadness,I would rather not remember some things.  I'd rather not hope for something.,25,1,,False
Ses05M_script02_2,30,1,2,"Do you want to get married again?- What?  What, do you want a divorce?",Ses05M_script02_2_M021,fru,Frustration,Frustration,Frustration,"Do you want to get married again?- What?  What, do you want a divorce?",30,5,,False
Ses05M_script02_2,32,1,2,No.,Ses05M_script02_2_F017,sad,Sadness,Sadness,Sadness,No.,32,1,,False
Ses05M_script02_2,34,1,2,I just want- I just want things to turn out the way they are supposed to.,Ses05M_script02_2_F023,sad,Sadness,Sadness,Frustration,I just want- I just want things to turn out the way they are supposed to.,34,1,,False
Ses05M_script02_2,36,1,2,"Do you think that I thought there would be times when you would look at me like I was used Kleenex or I would look at you and think, good God, when's the next flight to Alaska?  No.  No, I'm just like you. I thought it would all be like peaches and roses, and sand in our toes, and wind in our hair, and the fish would always come.  And the bills would magically pay themselves.  And we'd have three fat rosy kids.  But, ha ha, baby, the jokes on us!",Ses05M_script02_2_M025,ang,Anger,Anger,Frustration,"Do you think that I thought there would be times when you would look at me like I was used Kleenex or I would look at you and think, good God, when's the next flight to Alaska?  No.  No, I'm just like you. I thought it would all be like peaches and roses, and sand in our toes, and wind in our hair, and the fish would always come.  And the bills would magically pay themselves.  And we'd have three fat rosy kids.  But, ha ha, baby, the jokes on us!",36,3,,False
Ses05M_script02_2,38,1,2,Right.,Ses05M_script02_2_M028,fru,Frustration,Anger,Frustration,Right.,38,5,,False
Ses05F_script03_1,15,5,4,"No, that fire will fade along with our passion.",Ses05F_script03_1_M016,exc,Excited,Happiness,Excited,"No, that fire will fade along with our passion.",15,4,,False
Ses05F_script03_1,16,5,2,It all depends on how well we played.,Ses05F_script03_1_M017,exc,Excited,Happiness,Excited,It all depends on how well we played.,16,4,,False
Ses05F_script03_1,20,5,3,"no, So is everyone else in the long run.  Let's be superficial and pity the poor philosophers.  Let's blow trumpets and squeakers and --",Ses05F_script03_1_M020,exc,Excited,Happiness,Excited,"no, So is everyone else in the long run.  Let's be superficial and pity the poor philosophers.  Let's blow trumpets and squeakers and --",20,4,,False
Ses05F_script03_1,22,3,5,"Darling, come here and kiss me before your body rots and worms pop in and out of your eye sockets.",Ses05F_script03_1_M022,exc,Excited,Happiness,Excited,"Darling, come here and kiss me before your body rots and worms pop in and out of your eye sockets.",22,4,,False
Ses05F_script03_1,31,5,1,And then the manager came in and found us rolling around on the floor biting and scratching like panthers.,Ses05F_script03_1_F030,exc,Excited,Happiness,Excited,And then the manager came in and found us rolling around on the floor biting and scratching like panthers.,31,4,,False
Ses05M_script03_1,9,3,5,With the worst- with the most perfect poise?,Ses05M_script03_1_M007,exc,Excited,Happiness,Excited,With the worst- with the most perfect poise?,9,4,,False
Ses05M_script03_1,14,2,5,"Um What does it all mean?  That's what I ask myself in my endless quest for ultimate truth.  Dear God, what does it all mean?",Ses05M_script03_1_M012,exc,Excited,Happiness,Excited,"Um What does it all mean?  That's what I ask myself in my endless quest for ultimate truth.  Dear God, what does it all mean?",14,4,,False
Ses05M_script03_1,16,2,1,"You mustn't be serious, darling.  That's just what they want.",Ses05M_script03_1_M013,exc,Excited,Happiness,Excited,"You mustn't be serious, darling.  That's just what they want.",16,4,,False
Ses05M_script03_1,18,5,1,"All the futile mortals who try to make life unbearable.  Laugh at them, Be flippant.  Laugh at everything, all their sacred shibboleths.",Ses05M_script03_1_M014,exc,Excited,Happiness,Excited,"All the futile mortals who try to make life unbearable.  Laugh at them, Be flippant.  Laugh at everything, all their sacred shibboleths.",18,4,,False
Ses05M_script03_1,21,2,1,Certainly you must.  We are figures of fun all right.,Ses05M_script03_1_M016,exc,Excited,Happiness,Excited,Certainly you must.  We are figures of fun all right.,21,4,,False
Ses05M_script02_1,16,2,4,"Yeah, but all that time on the beach is the highlight of their little lives.  You know,",Ses05M_script02_1_M019,exc,Excited,Excited,Neutral,"Yeah, but all that time on the beach is the highlight of their little lives.  You know,",16,4,,False
Ses05M_script02_1,17,2,4,"and all that about flopping around, it's like laying eggs or what do you -- spawning or mating or something like that.",Ses05M_script02_1_M020,exc,Excited,Excited,Neutral,"and all that about flopping around, it's like laying eggs or what do you -- spawning or mating or something like that.",17,4,,False
Ses05M_script02_1,18,2,4,"I mean, this is a big night for these guys.  You know, life's last orgy.",Ses05M_script02_1_M021,exc,Excited,Excited,Neutral,"I mean, this is a big night for these guys.  You know, life's last orgy.",18,4,,False
Ses05M_script02_1,23,4,2,I'm just not.,Ses05M_script02_1_F016,sad,Sadness,Sadness,Other,I'm just not.,23,1,,False
Ses05M_script02_1,24,4,2,For real?,Ses05M_script02_1_M024,fru,Frustration,Frustration,Neutral,For real?,24,5,,False
Ses05M_script02_1,26,4,2,"Well, if you also remember last year we- our shoes got wet, I got sand in my panties, we had a big argument, you had a sore throat, and we didn't see the grunion.",Ses05M_script02_1_F018,fru,Frustration,Anger,Frustration,"Well, if you also remember last year we- our shoes got wet, I got sand in my panties, we had a big argument, you had a sore throat, and we didn't see the grunion.",26,5,,False
Ses05M_script02_1,28,2,4,"Look there.  What is that?  Is that -- Oh No, that's seaweed.",Ses05M_script02_1_M028,exc,Excited,Excited,Excited,"Look there.  What is that?  Is that -- Oh No, that's seaweed.",28,4,,False
Ses05M_script02_1,29,4,2,"Oh, this is great.  I wouldn't miss this for the world. I mean, think about this, I know you're not interested but just think about this for a second;",Ses05M_script02_1_M029,exc,Excited,Excited,Excited,"Oh, this is great.  I wouldn't miss this for the world. I mean, think about this, I know you're not interested but just think about this for a second;",29,4,,False
Ses05M_script02_1,30,2,4,somewhere out there is a giant mass of silver fish all swimming in this direction.  They don't know why they're doing it.  We don't know why they're doing it.  They didn't- It wasn't a decision.  No one took a vote.  Nobody sent them an invitation or a map or anything like that.  It was just some internal time release fire cracker that went off. And all as one they turned around and formed this giant line as long as the California coastline and they just started swimming.  They are swimming right now at this very moment.   And And-,Ses05M_script02_1_M030,exc,Excited,Excited,Excited,somewhere out there is a giant mass of silver fish all swimming in this direction.  They don't know why they're doing it.  We don't know why they're doing it.  They didn't- It wasn't a decision.  No one took a vote.  Nobody sent them an invitation or a map or anything like that.  It was just some internal time release fire cracker that went off. And all as one they turned around and formed this giant line as long as the California coastline and they just started swimming.  They are swimming right now at this very moment.   And And-,30,4,,False
Ses05M_script02_1,31,2,4,"And it's single mindedness with no mind. It- It's urgency, it's pure urge.  I mean, they didn't make any decisions.  They don't ask any questions.  They don't give it a name,",Ses05M_script02_1_M031,exc,Excited,Excited,Excited,"And it's single mindedness with no mind. It- It's urgency, it's pure urge.  I mean, they didn't make any decisions.  They don't ask any questions.  They don't give it a name,",31,4,,False
Ses05M_script02_1,32,2,4,"they just all as one turn around and start swimming to this very point where we are standing now for one last celebration of sex and death. God, it's giving me Goosebumps.  Look at all the hairs that are standing up.",Ses05M_script02_1_M032,exc,Excited,Excited,Excited,"they just all as one turn around and start swimming to this very point where we are standing now for one last celebration of sex and death. God, it's giving me Goosebumps.  Look at all the hairs that are standing up.",32,4,,False
Ses05M_script02_1,33,4,2,"Well, so what do you think?",Ses05M_script02_1_M033,exc,Frustration,Excited,Excited,"Well, so what do you think?",33,4,,False
Ses05M_script01_1b,5,2,4,"Yes, yes he is.  I don't know the meaning in it.  But I know one thing, mom, we made a terrible mistake with Dad.",Ses05M_script01_1b_M005,sad,Frustration,Sadness,Sadness,"Yes, yes he is.  I don't know the meaning in it.  But I know one thing, mom, we made a terrible mistake with Dad.",5,1,,False
Ses05M_script01_1b,15,4,0,"I ignore what I got to ignore.  I mean, the girl is Larry's girl.",Ses05M_script01_1b_F018,fru,Frustration,Anger,Frustration,"I ignore what I got to ignore.  I mean, the girl is Larry's girl.",15,5,,False
Ses05M_script01_1b,17,2,4,"I don't know why it is but every time I reach out for something that I want, I have to pull back because it might hurt somebody else, my whole bloody life, time after time, after time.",Ses05M_script01_1b_M021,fru,Anger,Frustration,Frustration,"I don't know why it is but every time I reach out for something that I want, I have to pull back because it might hurt somebody else, my whole bloody life, time after time, after time.",17,5,,False
Ses05F_script01_3,22,0,4,Remember when I was overseas?  I was in command of the company.,Ses05F_script01_3_M024,sad,Sadness,Sadness,Neutral,Remember when I was overseas?  I was in command of the company.,22,1,,False
Ses05F_script01_3,23,0,4,yeah sure.,Ses05F_script01_3_F021,neu,Sadness,Neutral,Neutral,yeah sure.,23,2,,False
Ses05F_script01_3,25,0,4,how many?,Ses05F_script01_3_F022,sad,Sadness,Sadness,Neutral,how many?,25,1,,False
Ses05F_script01_3,27,0,4,Oh gee.,Ses05F_script01_3_F023,sad,Sadness,Sadness,Sadness,Oh gee.,27,1,,False
Ses05F_script01_3,28,0,4,Takes a little time to toss something like that off you know because they weren't just men-,Ses05F_script01_3_M027,sad,Sadness,Sadness,Sadness,Takes a little time to toss something like that off you know because they weren't just men-,28,1,,False
Ses05F_script01_3,33,2,4,"but it seemed to me that something new was being created at the same time, a kind of responsibility, man for man.  Do you understand me?",Ses05F_script01_3_M032,sad,Sadness,Happiness,Sadness,"but it seemed to me that something new was being created at the same time, a kind of responsibility, man for man.  Do you understand me?",33,1,,False
Ses05F_script01_3,34,0,4,And to show that-to-to bring that back onto the earth again like a- like a monument.  And everyone would have it standing behind them and- and it would make a difference for them.,Ses05F_script01_3_M033,sad,Sadness,Excited,Sadness,And to show that-to-to bring that back onto the earth again like a- like a monument.  And everyone would have it standing behind them and- and it would make a difference for them.,34,1,,False
Ses05F_script01_3,35,0,4,And then I went home and it was incredible.  It had no meaning here.,Ses05F_script01_3_M034,sad,Frustration,Sadness,Sadness,And then I went home and it was incredible.  It had no meaning here.,35,1,,False
Ses05F_script01_3,36,0,2,"It was all like some kind of bus accident to them.  I went back to work with my dad, in that whole rat race again.",Ses05F_script01_3_M035,sad,Frustration,Sadness,Sadness,"It was all like some kind of bus accident to them.  I went back to work with my dad, in that whole rat race again.",36,1,,False
Ses05F_script01_3,41,0,2,"Because you can't feel like that anymore Chris, you hear me?  I mean everything that you have, you deserve.  And that includes me.  And your father?  Your father put hundreds of planes in the air, you should be proud.  A man should be paid for that.",Ses05F_script01_3_F025,sad,Sadness,Sadness,Other,"Because you can't feel like that anymore Chris, you hear me?  I mean everything that you have, you deserve.  And that includes me.  And your father?  Your father put hundreds of planes in the air, you should be proud.  A man should be paid for that.",41,1,,False
Ses05F_script01_1,0,2,4,What's he going to say? Maybe we should tell him before he sees it.,Ses05F_script01_1_F000,sad,Sadness,Sadness,Sadness,What's he going to say? Maybe we should tell him before he sees it.,0,1,,False
Ses05F_script01_1,1,0,2,He saw it.,Ses05F_script01_1_M000,sad,Sadness,Sadness,Neutral,He saw it.,1,1,,False
Ses05F_script01_1,6,0,2,No.  I figured it was best to leave him alone.,Ses05F_script01_1_M004,sad,Sadness,Sadness,Sadness,No.  I figured it was best to leave him alone.,6,1,,False
Ses05F_script01_1,11,0,4,"I guess, he is.",Ses05F_script01_1_M006,sad,Sadness,Sadness,Sadness,"I guess, he is.",11,1,,False
Ses05F_script01_1,12,0,4,What's the meaning of that?,Ses05F_script01_1_F008,sad,Sadness,Sadness,Other,What's the meaning of that?,12,1,,False
Ses05F_script01_1,13,0,4,I don't know the meaning of it.  But I know one thing mom did.  We made a terrible mistake with dad.,Ses05F_script01_1_M007,sad,Sadness,Sadness,Other,I don't know the meaning of it.  But I know one thing mom did.  We made a terrible mistake with dad.,13,1,,False
Ses05F_script01_1,14,0,4,Being dishonest with him.  It's the kind of thing that pays off and now it's paying off.,Ses05F_script01_1_M008,sad,Sadness,Sadness,Neutral,Being dishonest with him.  It's the kind of thing that pays off and now it's paying off.,14,1,,False
Ses05F_script01_1,15,0,4,"You know that Larry's not coming back, and I know it.  So why do we go on letting him think that we believe with him?",Ses05F_script01_1_M009,sad,Sadness,Sadness,Frustration,"You know that Larry's not coming back, and I know it.  So why do we go on letting him think that we believe with him?",15,1,,False
Ses05F_script01_1,16,0,4,"No um, I don't want to argue with him, but it's time we realized that nobody else believes that Larry is alive.",Ses05F_script01_1_M010,fru,Sadness,Frustration,Frustration,"No um, I don't want to argue with him, but it's time we realized that nobody else believes that Larry is alive.",16,5,,False
Ses05F_script01_1,19,0,2,"For God's sake, mom, three years.  Nobody comes back after three years!  It's insane!",Ses05F_script01_1_M013,ang,Anger,Anger,Frustration,"For God's sake, mom, three years.  Nobody comes back after three years!  It's insane!",19,3,,False
Ses05M_impro01,8,0,1,"No, I understand and there are a lot of people here.  But what I'm telling you is that it's different for different states and since your getting a new license in the state of California -- You have to fill out a different form than you did.",Ses05M_impro01_F006,neu,Frustration,Neutral,Neutral,"No, I understand and there are a lot of people here.  But what I'm telling you is that it's different for different states and since your getting a new license in the state of California -- You have to fill out a different form than you did.",8,2,,False
Ses05M_impro01,19,4,5,"I can't take this one, sir. this is the wrong form.",Ses05M_impro01_F013,fru,Frustration,Frustration,Frustration,"I can't take this one, sir. this is the wrong form.",19,5,,False
Ses05M_impro01,27,4,5,"Sir, don't patronize me.  I can't make an exception.  I don't- I don't have the power to do that.  It's a different form.",Ses05M_impro01_F018,fru,Frustration,Anger,Frustration,"Sir, don't patronize me.  I can't make an exception.  I don't- I don't have the power to do that.  It's a different form.",27,5,,False
Ses05M_impro01,31,4,5,"Sir, you're gonna have to go stand in the other line.",Ses05M_impro01_F020,fru,Frustration,Anger,Frustration,"Sir, you're gonna have to go stand in the other line.",31,5,,False
Ses05M_impro01,32,4,5,I'm not leaving this line until I get my new I.D.  That's as simple as it is.  I'm not leaving this line until I get my new I.D.,Ses05M_impro01_M018,fru,Frustration,Anger,Frustration,I'm not leaving this line until I get my new I.D.  That's as simple as it is.  I'm not leaving this line until I get my new I.D.,32,5,,False
Ses05F_impro07,50,2,1,"living near the U.S.C. campus by myself, not going to school there. just really pathetic and sad.",Ses05F_impro07_M029,exc,Excited,Happiness,Excited,"living near the U.S.C. campus by myself, not going to school there. just really pathetic and sad.",50,4,,False
Ses05M_impro07,1,5,2,What?,Ses05M_impro07_F000,exc,Excited,Neutral,,What?,1,4,,False
Ses05M_impro07,7,5,2,What are you gonna study?,Ses05M_impro07_F004,hap,Excited,Happiness,,What are you gonna study?,7,0,,False
Ses05M_impro07,12,2,5,I heard it's so tough to get into.,Ses05M_impro07_F007,hap,Excited,Happiness,,I heard it's so tough to get into.,12,0,,False
Ses05M_impro07,13,5,3,It's exactly what I wanted.,Ses05M_impro07_M007,exc,Excited,Excited,,It's exactly what I wanted.,13,4,,False
Ses05M_impro07,14,5,3,That's awesome.,Ses05M_impro07_F008,hap,Excited,Happiness,,That's awesome.,14,0,,False
Ses05M_impro07,15,5,3,"I worked really hard, I'll say, I worked really hard. You know, I I'm not bragging or anything like that. But-",Ses05M_impro07_M009,hap,Excited,Happiness,,"I worked really hard, I'll say, I worked really hard. You know, I I'm not bragging or anything like that. But-",15,0,,False
Ses05M_impro07,21,3,5,"What are you, wait, what are you doing?",Ses05M_impro07_M013,exc,Excited,Excited,,"What are you, wait, what are you doing?",21,4,,False
Ses05M_impro07,25,1,3,We are gonna have a great time.,Ses05M_impro07_M016,exc,Excited,Excited,,We are gonna have a great time.,25,4,,False
Ses05M_impro07,71,0,1,"Yeah, yeah, yeah.  And it's gonna work out.  I'm gonna be able to pay for it, I'm gonna go, I mean, I'll have a little debt in the end.  But I don't care.",Ses05M_impro07_M040,exc,Excited,Excited,,"Yeah, yeah, yeah.  And it's gonna work out.  I'm gonna be able to pay for it, I'm gonna go, I mean, I'll have a little debt in the end.  But I don't care.",71,4,,False
Ses05M_impro07,72,2,0,"Wow, are you so excited?",Ses05M_impro07_F041,exc,Excited,Excited,,"Wow, are you so excited?",72,4,,False
Ses05M_impro07,73,0,2,It's just you know a dream come true.  How could you not be excited about a dream come true?,Ses05M_impro07_M041,exc,Excited,Excited,,It's just you know a dream come true.  How could you not be excited about a dream come true?,73,4,,False
Ses05M_impro07,74,0,2,"You're gonna be so busy, too. You're going to have to work so hard.",Ses05M_impro07_F042,exc,Excited,Excited,,"You're gonna be so busy, too. You're going to have to work so hard.",74,4,,False
Ses05M_script01_1,5,1,2,You know that Larry's not coming back and I know it.  So why do we go on letting him think that we believe with him?,Ses05M_script01_1_M009,fru,Frustration,Frustration,Frustration,You know that Larry's not coming back and I know it.  So why do we go on letting him think that we believe with him?,5,5,,False
Ses05M_script01_1,21,1,2,I'm just saying.,Ses05M_script01_1_F020,fru,Frustration,Anger,Frustration,I'm just saying.,21,5,,False
Ses05M_script01_1,22,0,4,You infuriate me sometimes.  Do you know that?  God.,Ses05M_script01_1_M021,ang,Anger,Anger,Frustration,You infuriate me sometimes.  Do you know that?  God.,22,3,,False
Ses05M_impro06,14,2,1,"you know, sometimes you think you want to make that phone call, or you think you want to tell somebody something, or something like that.  Do you know what I mean?  Like that's -- he was the person that I did that with.  You know, like, that's the person who I needed to call to tell things to all the time.",Ses05M_impro06_M010,sad,Frustration,Sadness,Sadness,"you know, sometimes you think you want to make that phone call, or you think you want to tell somebody something, or something like that.  Do you know what I mean?  Like that's -- he was the person that I did that with.  You know, like, that's the person who I needed to call to tell things to all the time.",14,1,,False
Ses05M_impro06,15,2,1,You guys have been-,Ses05M_impro06_F006,sad,Sadness,Sadness,Neutral,You guys have been-,15,1,,False
Ses05M_impro06,16,2,1,"And now I don't have that person anymore, you know.  And it's -- -- it's just, you.",Ses05M_impro06_M011,sad,Sadness,Sadness,Sadness,"And now I don't have that person anymore, you know.  And it's -- -- it's just, you.",16,1,,False
Ses05M_impro06,26,2,1,If there's anything I can do to be there for you.,Ses05M_impro06_F010,sad,Sadness,Sadness,Other,If there's anything I can do to be there for you.,26,1,,False
Ses05M_impro06,27,2,1,Thanks.,Ses05M_impro06_M020,sad,Sadness,Sadness,Neutral,Thanks.,27,1,,False
