Speaker,Ngram,Count,Ratio_within_target,Total_Ngrams_with_target
Chandler,neutral -> neutral -> surprise -> neutral,13,0.04609929078014184,282
Chandler,neutral -> surprise -> neutral -> neutral,6,0.02127659574468085,282
Chandler,joy -> surprise -> disgust -> neutral,1,0.0035460992907801418,282
Chandler,neutral -> joy -> neutral -> neutral,6,0.02127659574468085,282
Chandler,neutral -> neutral -> joy -> neutral,8,0.028368794326241134,282
Chandler,neutral -> surprise -> surprise -> neutral,2,0.0070921985815602835,282
Chandler,neutral -> sadness -> neutral -> neutral,5,0.01773049645390071,282
Chandler,sadness -> neutral -> neutral -> neutral,5,0.01773049645390071,282
Chandler,joy -> neutral -> surprise -> neutral,3,0.010638297872340425,282
Chandler,anger -> neutral -> neutral -> neutral,9,0.031914893617021274,282
Chandler,neutral -> neutral -> neutral -> neutral,73,0.25886524822695034,282
Chandler,neutral -> joy -> joy -> neutral,1,0.0035460992907801418,282
Chandler,joy -> joy -> neutral -> neutral,4,0.014184397163120567,282
Chandler,joy -> neutral -> joy -> neutral,4,0.014184397163120567,282
Chandler,surprise -> neutral -> neutral -> neutral,10,0.03546099290780142,282
Chandler,joy -> disgust -> surprise -> neutral,1,0.0035460992907801418,282
Chandler,anger -> anger -> disgust -> neutral,1,0.0035460992907801418,282
Chandler,anger -> disgust -> neutral -> neutral,1,0.0035460992907801418,282
Chandler,disgust -> neutral -> neutral -> neutral,3,0.010638297872340425,282
Chandler,neutral -> neutral -> fear -> neutral,5,0.01773049645390071,282
Chandler,neutral -> fear -> neutral -> neutral,4,0.014184397163120567,282
Chandler,fear -> neutral -> neutral -> neutral,4,0.014184397163120567,282
Chandler,joy -> neutral -> neutral -> neutral,9,0.031914893617021274,282
Chandler,neutral -> neutral -> sadness -> neutral,4,0.014184397163120567,282
Chandler,neutral -> neutral -> anger -> neutral,4,0.014184397163120567,282
Chandler,neutral -> anger -> neutral -> neutral,5,0.01773049645390071,282
Chandler,joy -> surprise -> neutral -> neutral,4,0.014184397163120567,282
Chandler,neutral -> surprise -> joy -> neutral,3,0.010638297872340425,282
Chandler,joy -> neutral -> fear -> neutral,1,0.0035460992907801418,282
Chandler,sadness -> sadness -> sadness -> neutral,3,0.010638297872340425,282
Chandler,sadness -> neutral -> anger -> neutral,1,0.0035460992907801418,282
Chandler,joy -> fear -> joy -> neutral,1,0.0035460992907801418,282
Chandler,sadness -> sadness -> neutral -> neutral,1,0.0035460992907801418,282
Chandler,anger -> neutral -> anger -> neutral,1,0.0035460992907801418,282
Chandler,anger -> joy -> anger -> neutral,1,0.0035460992907801418,282
Chandler,surprise -> disgust -> joy -> neutral,1,0.0035460992907801418,282
Chandler,anger -> sadness -> anger -> neutral,1,0.0035460992907801418,282
Chandler,neutral -> fear -> surprise -> neutral,2,0.0070921985815602835,282
Chandler,anger -> joy -> neutral -> neutral,3,0.010638297872340425,282
Chandler,surprise -> joy -> neutral -> neutral,1,0.0035460992907801418,282
Chandler,sadness -> neutral -> joy -> neutral,2,0.0070921985815602835,282
Chandler,anger -> anger -> surprise -> neutral,1,0.0035460992907801418,282
Chandler,sadness -> anger -> anger -> neutral,1,0.0035460992907801418,282
Chandler,joy -> disgust -> joy -> neutral,1,0.0035460992907801418,282
Chandler,neutral -> disgust -> disgust -> neutral,3,0.010638297872340425,282
Chandler,joy -> joy -> joy -> neutral,2,0.0070921985815602835,282
Chandler,joy -> anger -> joy -> neutral,1,0.0035460992907801418,282
Chandler,joy -> joy -> anger -> neutral,1,0.0035460992907801418,282
Chandler,fear -> surprise -> neutral -> neutral,2,0.0070921985815602835,282
Chandler,surprise -> joy -> surprise -> neutral,1,0.0035460992907801418,282
Chandler,neutral -> fear -> anger -> neutral,2,0.0070921985815602835,282
Chandler,fear -> anger -> neutral -> neutral,2,0.0070921985815602835,282
Chandler,joy -> joy -> fear -> neutral,1,0.0035460992907801418,282
Chandler,sadness -> fear -> sadness -> neutral,1,0.0035460992907801418,282
Chandler,fear -> sadness -> neutral -> neutral,1,0.0035460992907801418,282
Chandler,fear -> anger -> joy -> neutral,1,0.0035460992907801418,282
Chandler,sadness -> anger -> neutral -> neutral,2,0.0070921985815602835,282
Chandler,anger -> anger -> neutral -> neutral,3,0.010638297872340425,282
Chandler,neutral -> surprise -> anger -> neutral,1,0.0035460992907801418,282
Chandler,surprise -> anger -> neutral -> neutral,1,0.0035460992907801418,282
Chandler,joy -> fear -> fear -> neutral,1,0.0035460992907801418,282
Chandler,joy -> joy -> sadness -> neutral,1,0.0035460992907801418,282
Chandler,fear -> fear -> fear -> neutral,1,0.0035460992907801418,282
Chandler,fear -> fear -> neutral -> neutral,1,0.0035460992907801418,282
Chandler,surprise -> neutral -> anger -> neutral,2,0.0070921985815602835,282
Chandler,anger -> neutral -> fear -> neutral,1,0.0035460992907801418,282
Chandler,anger -> anger -> anger -> neutral,3,0.010638297872340425,282
Chandler,sadness -> anger -> sadness -> neutral,2,0.0070921985815602835,282
Chandler,anger -> sadness -> neutral -> neutral,1,0.0035460992907801418,282
Chandler,joy -> surprise -> surprise -> neutral,1,0.0035460992907801418,282
Chandler,surprise -> disgust -> anger -> neutral,1,0.0035460992907801418,282
Chandler,disgust -> anger -> neutral -> neutral,2,0.0070921985815602835,282
Chandler,sadness -> joy -> disgust -> neutral,1,0.0035460992907801418,282
Chandler,disgust -> neutral -> anger -> neutral,1,0.0035460992907801418,282
Chandler,surprise -> sadness -> surprise -> neutral,1,0.0035460992907801418,282
Chandler,sadness -> surprise -> neutral -> neutral,1,0.0035460992907801418,282
Chandler,neutral -> disgust -> sadness -> neutral,1,0.0035460992907801418,282
Chandler,anger -> neutral -> surprise -> neutral,1,0.0035460992907801418,282
Chandler,anger -> neutral -> joy -> neutral,1,0.0035460992907801418,282
Chandler,neutral -> joy -> surprise -> neutral,2,0.0070921985815602835,282
Chandler,surprise -> surprise -> fear -> neutral,1,0.0035460992907801418,282
Chandler,sadness -> sadness -> joy -> neutral,1,0.0035460992907801418,282
Chandler,neutral -> disgust -> neutral -> neutral,1,0.0035460992907801418,282
Chandler,surprise -> sadness -> neutral -> neutral,1,0.0035460992907801418,282
Chandler,surprise -> surprise -> sadness -> neutral,1,0.0035460992907801418,282
Chandler,fear -> neutral -> sadness -> neutral,1,0.0035460992907801418,282
Chandler,disgust -> anger -> anger -> neutral,1,0.0035460992907801418,282
Chandler,anger -> surprise -> neutral -> neutral,1,0.0035460992907801418,282
Chandler,anger -> anger -> joy -> neutral,1,0.0035460992907801418,282
Chandler,disgust -> disgust -> anger -> neutral,1,0.0035460992907801418,282
Chandler,neutral -> neutral -> disgust -> neutral,1,0.0035460992907801418,282
other,neutral -> neutral -> neutral -> neutral,165,0.3674832962138085,449
other,sadness -> sadness -> sadness -> neutral,3,0.0066815144766146995,449
other,sadness -> sadness -> neutral -> neutral,4,0.008908685968819599,449
other,sadness -> neutral -> neutral -> neutral,9,0.0200445434298441,449
other,joy -> joy -> neutral -> neutral,10,0.022271714922048998,449
other,joy -> neutral -> neutral -> neutral,21,0.0467706013363029,449
other,surprise -> neutral -> neutral -> neutral,10,0.022271714922048998,449
other,neutral -> anger -> anger -> neutral,2,0.004454342984409799,449
other,anger -> anger -> neutral -> neutral,2,0.004454342984409799,449
other,anger -> joy -> neutral -> neutral,3,0.0066815144766146995,449
other,neutral -> neutral -> disgust -> neutral,4,0.008908685968819599,449
other,neutral -> disgust -> neutral -> neutral,3,0.0066815144766146995,449
other,joy -> anger -> joy -> neutral,1,0.0022271714922048997,449
other,neutral -> neutral -> surprise -> neutral,9,0.0200445434298441,449
other,neutral -> joy -> joy -> neutral,7,0.015590200445434299,449
other,fear -> anger -> sadness -> neutral,1,0.0022271714922048997,449
other,anger -> sadness -> neutral -> neutral,2,0.004454342984409799,449
other,neutral -> joy -> disgust -> neutral,1,0.0022271714922048997,449
other,joy -> disgust -> neutral -> neutral,2,0.004454342984409799,449
other,sadness -> surprise -> surprise -> neutral,1,0.0022271714922048997,449
other,neutral -> surprise -> neutral -> neutral,10,0.022271714922048998,449
other,joy -> neutral -> surprise -> neutral,4,0.008908685968819599,449
other,joy -> joy -> joy -> neutral,4,0.008908685968819599,449
other,neutral -> neutral -> sadness -> neutral,9,0.0200445434298441,449
other,surprise -> neutral -> joy -> neutral,2,0.004454342984409799,449
other,joy -> neutral -> joy -> neutral,5,0.011135857461024499,449
other,neutral -> joy -> neutral -> neutral,18,0.0400890868596882,449
other,neutral -> neutral -> anger -> neutral,9,0.0200445434298441,449
other,neutral -> anger -> neutral -> neutral,11,0.024498886414253896,449
other,neutral -> neutral -> joy -> neutral,18,0.0400890868596882,449
other,disgust -> joy -> anger -> neutral,1,0.0022271714922048997,449
other,joy -> anger -> neutral -> neutral,2,0.004454342984409799,449
other,anger -> joy -> joy -> neutral,1,0.0022271714922048997,449
other,disgust -> surprise -> fear -> neutral,1,0.0022271714922048997,449
other,surprise -> surprise -> neutral -> neutral,5,0.011135857461024499,449
other,disgust -> joy -> joy -> neutral,1,0.0022271714922048997,449
other,surprise -> surprise -> sadness -> neutral,1,0.0022271714922048997,449
other,neutral -> joy -> surprise -> neutral,2,0.004454342984409799,449
other,surprise -> neutral -> fear -> neutral,1,0.0022271714922048997,449
other,joy -> joy -> sadness -> neutral,1,0.0022271714922048997,449
other,joy -> joy -> surprise -> neutral,1,0.0022271714922048997,449
other,neutral -> sadness -> neutral -> neutral,7,0.015590200445434299,449
other,neutral -> anger -> disgust -> neutral,1,0.0022271714922048997,449
other,disgust -> neutral -> anger -> neutral,1,0.0022271714922048997,449
other,fear -> fear -> fear -> neutral,1,0.0022271714922048997,449
other,neutral -> fear -> joy -> neutral,1,0.0022271714922048997,449
other,neutral -> anger -> sadness -> neutral,1,0.0022271714922048997,449
other,anger -> neutral -> neutral -> neutral,8,0.017817371937639197,449
other,surprise -> sadness -> surprise -> neutral,1,0.0022271714922048997,449
other,sadness -> surprise -> neutral -> neutral,1,0.0022271714922048997,449
other,neutral -> surprise -> sadness -> neutral,1,0.0022271714922048997,449
other,surprise -> sadness -> neutral -> neutral,2,0.004454342984409799,449
other,sadness -> neutral -> joy -> neutral,1,0.0022271714922048997,449
other,surprise -> anger -> joy -> neutral,1,0.0022271714922048997,449
other,joy -> sadness -> sadness -> neutral,1,0.0022271714922048997,449
other,anger -> neutral -> disgust -> neutral,2,0.004454342984409799,449
other,joy -> surprise -> anger -> neutral,1,0.0022271714922048997,449
other,surprise -> anger -> neutral -> neutral,3,0.0066815144766146995,449
other,sadness -> joy -> neutral -> neutral,2,0.004454342984409799,449
other,neutral -> joy -> anger -> neutral,1,0.0022271714922048997,449
other,fear -> anger -> anger -> neutral,1,0.0022271714922048997,449
other,surprise -> surprise -> surprise -> neutral,2,0.004454342984409799,449
other,neutral -> joy -> fear -> neutral,1,0.0022271714922048997,449
other,joy -> surprise -> fear -> neutral,1,0.0022271714922048997,449
other,joy -> neutral -> sadness -> neutral,2,0.004454342984409799,449
other,joy -> surprise -> joy -> neutral,2,0.004454342984409799,449
other,surprise -> surprise -> joy -> neutral,2,0.004454342984409799,449
other,surprise -> joy -> neutral -> neutral,4,0.008908685968819599,449
other,neutral -> surprise -> anger -> neutral,1,0.0022271714922048997,449
other,anger -> anger -> joy -> neutral,1,0.0022271714922048997,449
other,surprise -> surprise -> anger -> neutral,2,0.004454342984409799,449
other,joy -> fear -> fear -> neutral,1,0.0022271714922048997,449
other,disgust -> anger -> anger -> neutral,1,0.0022271714922048997,449
other,sadness -> anger -> surprise -> neutral,1,0.0022271714922048997,449
other,anger -> surprise -> neutral -> neutral,1,0.0022271714922048997,449
other,sadness -> surprise -> joy -> neutral,1,0.0022271714922048997,449
other,anger -> surprise -> surprise -> neutral,1,0.0022271714922048997,449
other,neutral -> neutral -> fear -> neutral,1,0.0022271714922048997,449
other,joy -> neutral -> anger -> neutral,1,0.0022271714922048997,449
other,fear -> neutral -> neutral -> neutral,1,0.0022271714922048997,449
other,surprise -> joy -> disgust -> neutral,1,0.0022271714922048997,449
other,disgust -> neutral -> neutral -> neutral,1,0.0022271714922048997,449
other,neutral -> disgust -> anger -> neutral,1,0.0022271714922048997,449
other,surprise -> joy -> joy -> neutral,1,0.0022271714922048997,449
other,neutral -> sadness -> joy -> neutral,2,0.004454342984409799,449
other,anger -> anger -> anger -> neutral,1,0.0022271714922048997,449
other,joy -> neutral -> fear -> neutral,1,0.0022271714922048997,449
other,joy -> surprise -> sadness -> neutral,1,0.0022271714922048997,449
other,surprise -> sadness -> sadness -> neutral,1,0.0022271714922048997,449
other,surprise -> neutral -> anger -> neutral,1,0.0022271714922048997,449
other,anger -> anger -> surprise -> neutral,1,0.0022271714922048997,449
other,anger -> anger -> sadness -> neutral,1,0.0022271714922048997,449
other,sadness -> neutral -> sadness -> neutral,1,0.0022271714922048997,449
other,neutral -> surprise -> surprise -> neutral,1,0.0022271714922048997,449
other,surprise -> joy -> surprise -> neutral,1,0.0022271714922048997,449
other,joy -> surprise -> neutral -> neutral,1,0.0022271714922048997,449
Joey,surprise -> surprise -> neutral -> neutral,8,0.0199501246882793,401
Joey,surprise -> neutral -> anger -> neutral,2,0.004987531172069825,401
Joey,anger -> anger -> anger -> neutral,5,0.012468827930174564,401
Joey,anger -> anger -> neutral -> neutral,5,0.012468827930174564,401
Joey,surprise -> neutral -> fear -> neutral,1,0.0024937655860349127,401
Joey,joy -> joy -> joy -> neutral,9,0.022443890274314215,401
Joey,joy -> joy -> neutral -> neutral,12,0.029925187032418952,401
Joey,joy -> neutral -> neutral -> neutral,14,0.034912718204488775,401
Joey,neutral -> neutral -> surprise -> neutral,13,0.032418952618453865,401
Joey,surprise -> neutral -> surprise -> neutral,7,0.017456359102244388,401
Joey,neutral -> neutral -> neutral -> neutral,113,0.2817955112219451,401
Joey,neutral -> neutral -> joy -> neutral,12,0.029925187032418952,401
Joey,neutral -> joy -> neutral -> neutral,13,0.032418952618453865,401
Joey,joy -> surprise -> neutral -> neutral,5,0.012468827930174564,401
Joey,joy -> surprise -> surprise -> neutral,2,0.004987531172069825,401
Joey,anger -> surprise -> anger -> neutral,2,0.004987531172069825,401
Joey,neutral -> neutral -> fear -> neutral,4,0.00997506234413965,401
Joey,surprise -> neutral -> neutral -> neutral,13,0.032418952618453865,401
Joey,joy -> joy -> surprise -> neutral,2,0.004987531172069825,401
Joey,neutral -> sadness -> sadness -> neutral,1,0.0024937655860349127,401
Joey,disgust -> anger -> anger -> neutral,1,0.0024937655860349127,401
Joey,neutral -> anger -> surprise -> neutral,4,0.00997506234413965,401
Joey,neutral -> disgust -> neutral -> neutral,1,0.0024937655860349127,401
Joey,neutral -> disgust -> surprise -> neutral,1,0.0024937655860349127,401
Joey,anger -> anger -> disgust -> neutral,1,0.0024937655860349127,401
Joey,anger -> surprise -> neutral -> neutral,2,0.004987531172069825,401
Joey,neutral -> surprise -> surprise -> neutral,5,0.012468827930174564,401
Joey,neutral -> surprise -> neutral -> neutral,9,0.022443890274314215,401
Joey,joy -> neutral -> anger -> neutral,2,0.004987531172069825,401
Joey,neutral -> anger -> neutral -> neutral,11,0.02743142144638404,401
Joey,neutral -> neutral -> anger -> neutral,7,0.017456359102244388,401
Joey,anger -> neutral -> neutral -> neutral,13,0.032418952618453865,401
Joey,neutral -> sadness -> neutral -> neutral,5,0.012468827930174564,401
Joey,sadness -> neutral -> neutral -> neutral,4,0.00997506234413965,401
Joey,neutral -> surprise -> joy -> neutral,5,0.012468827930174564,401
Joey,surprise -> fear -> fear -> neutral,1,0.0024937655860349127,401
Joey,fear -> fear -> neutral -> neutral,1,0.0024937655860349127,401
Joey,joy -> neutral -> surprise -> neutral,2,0.004987531172069825,401
Joey,disgust -> anger -> fear -> neutral,1,0.0024937655860349127,401
Joey,surprise -> joy -> fear -> neutral,1,0.0024937655860349127,401
Joey,surprise -> joy -> joy -> neutral,3,0.007481296758104738,401
Joey,sadness -> surprise -> joy -> neutral,1,0.0024937655860349127,401
Joey,disgust -> joy -> anger -> neutral,1,0.0024937655860349127,401
Joey,joy -> anger -> neutral -> neutral,2,0.004987531172069825,401
Joey,neutral -> disgust -> disgust -> neutral,1,0.0024937655860349127,401
Joey,surprise -> surprise -> joy -> neutral,1,0.0024937655860349127,401
Joey,surprise -> joy -> neutral -> neutral,3,0.007481296758104738,401
Joey,joy -> neutral -> joy -> neutral,4,0.00997506234413965,401
Joey,joy -> neutral -> sadness -> neutral,1,0.0024937655860349127,401
Joey,sadness -> joy -> surprise -> neutral,1,0.0024937655860349127,401
Joey,surprise -> neutral -> sadness -> neutral,1,0.0024937655860349127,401
Joey,neutral -> anger -> anger -> neutral,3,0.007481296758104738,401
Joey,anger -> joy -> fear -> neutral,1,0.0024937655860349127,401
Joey,joy -> fear -> neutral -> neutral,1,0.0024937655860349127,401
Joey,fear -> neutral -> neutral -> neutral,2,0.004987531172069825,401
Joey,anger -> neutral -> anger -> neutral,2,0.004987531172069825,401
Joey,anger -> sadness -> sadness -> neutral,1,0.0024937655860349127,401
Joey,sadness -> sadness -> sadness -> neutral,4,0.00997506234413965,401
Joey,sadness -> neutral -> anger -> neutral,2,0.004987531172069825,401
Joey,neutral -> joy -> anger -> neutral,1,0.0024937655860349127,401
Joey,sadness -> neutral -> surprise -> neutral,2,0.004987531172069825,401
Joey,anger -> neutral -> sadness -> neutral,2,0.004987531172069825,401
Joey,fear -> anger -> anger -> neutral,1,0.0024937655860349127,401
Joey,anger -> neutral -> joy -> neutral,1,0.0024937655860349127,401
Joey,surprise -> neutral -> joy -> neutral,2,0.004987531172069825,401
Joey,neutral -> surprise -> anger -> neutral,2,0.004987531172069825,401
Joey,neutral -> joy -> surprise -> neutral,1,0.0024937655860349127,401
Joey,anger -> joy -> sadness -> neutral,1,0.0024937655860349127,401
Joey,anger -> joy -> joy -> neutral,1,0.0024937655860349127,401
Joey,neutral -> joy -> joy -> neutral,4,0.00997506234413965,401
Joey,surprise -> joy -> sadness -> neutral,1,0.0024937655860349127,401
Joey,joy -> joy -> fear -> neutral,1,0.0024937655860349127,401
Joey,surprise -> sadness -> surprise -> neutral,1,0.0024937655860349127,401
Joey,surprise -> anger -> neutral -> neutral,2,0.004987531172069825,401
Joey,fear -> neutral -> sadness -> neutral,1,0.0024937655860349127,401
Joey,surprise -> surprise -> surprise -> neutral,2,0.004987531172069825,401
Joey,sadness -> joy -> joy -> neutral,2,0.004987531172069825,401
Joey,neutral -> neutral -> sadness -> neutral,4,0.00997506234413965,401
Joey,anger -> anger -> joy -> neutral,1,0.0024937655860349127,401
Joey,surprise -> sadness -> anger -> neutral,1,0.0024937655860349127,401
Joey,fear -> fear -> anger -> neutral,1,0.0024937655860349127,401
Joey,sadness -> sadness -> neutral -> neutral,2,0.004987531172069825,401
Joey,neutral -> sadness -> surprise -> neutral,1,0.0024937655860349127,401
Joey,disgust -> neutral -> neutral -> neutral,1,0.0024937655860349127,401
Joey,neutral -> fear -> neutral -> neutral,2,0.004987531172069825,401
Joey,anger -> anger -> sadness -> neutral,1,0.0024937655860349127,401
Joey,anger -> sadness -> neutral -> neutral,1,0.0024937655860349127,401
Joey,neutral -> neutral -> disgust -> neutral,1,0.0024937655860349127,401
Joey,joy -> surprise -> joy -> neutral,1,0.0024937655860349127,401
Joey,sadness -> surprise -> sadness -> neutral,1,0.0024937655860349127,401
Monica,sadness -> neutral -> sadness -> neutral,1,0.004201680672268907,238
Monica,neutral -> sadness -> neutral -> neutral,2,0.008403361344537815,238
Monica,surprise -> joy -> surprise -> neutral,1,0.004201680672268907,238
Monica,neutral -> neutral -> neutral -> neutral,50,0.21008403361344538,238
Monica,joy -> neutral -> neutral -> neutral,11,0.046218487394957986,238
Monica,anger -> neutral -> neutral -> neutral,5,0.02100840336134454,238
Monica,joy -> joy -> joy -> neutral,6,0.025210084033613446,238
Monica,neutral -> anger -> sadness -> neutral,1,0.004201680672268907,238
Monica,joy -> fear -> anger -> neutral,2,0.008403361344537815,238
Monica,anger -> neutral -> anger -> neutral,1,0.004201680672268907,238
Monica,neutral -> joy -> neutral -> neutral,9,0.037815126050420166,238
Monica,neutral -> surprise -> neutral -> neutral,11,0.046218487394957986,238
Monica,surprise -> neutral -> neutral -> neutral,8,0.03361344537815126,238
Monica,surprise -> fear -> neutral -> neutral,1,0.004201680672268907,238
Monica,neutral -> neutral -> joy -> neutral,6,0.025210084033613446,238
Monica,surprise -> surprise -> joy -> neutral,1,0.004201680672268907,238
Monica,surprise -> joy -> neutral -> neutral,3,0.012605042016806723,238
Monica,disgust -> disgust -> disgust -> neutral,1,0.004201680672268907,238
Monica,sadness -> anger -> anger -> neutral,1,0.004201680672268907,238
Monica,neutral -> anger -> anger -> neutral,3,0.012605042016806723,238
Monica,surprise -> surprise -> surprise -> neutral,1,0.004201680672268907,238
Monica,surprise -> surprise -> neutral -> neutral,2,0.008403361344537815,238
Monica,joy -> surprise -> joy -> neutral,2,0.008403361344537815,238
Monica,surprise -> disgust -> anger -> neutral,1,0.004201680672268907,238
Monica,anger -> surprise -> surprise -> neutral,1,0.004201680672268907,238
Monica,anger -> joy -> surprise -> neutral,1,0.004201680672268907,238
Monica,anger -> surprise -> sadness -> neutral,1,0.004201680672268907,238
Monica,anger -> anger -> anger -> neutral,7,0.029411764705882353,238
Monica,neutral -> neutral -> surprise -> neutral,6,0.025210084033613446,238
Monica,neutral -> joy -> joy -> neutral,6,0.025210084033613446,238
Monica,joy -> surprise -> surprise -> neutral,1,0.004201680672268907,238
Monica,sadness -> surprise -> surprise -> neutral,1,0.004201680672268907,238
Monica,joy -> joy -> neutral -> neutral,10,0.04201680672268908,238
Monica,sadness -> neutral -> neutral -> neutral,4,0.01680672268907563,238
Monica,neutral -> neutral -> anger -> neutral,5,0.02100840336134454,238
Monica,neutral -> anger -> neutral -> neutral,5,0.02100840336134454,238
Monica,anger -> surprise -> joy -> neutral,1,0.004201680672268907,238
Monica,joy -> anger -> neutral -> neutral,2,0.008403361344537815,238
Monica,anger -> joy -> joy -> neutral,2,0.008403361344537815,238
Monica,anger -> neutral -> surprise -> neutral,2,0.008403361344537815,238
Monica,neutral -> surprise -> surprise -> neutral,1,0.004201680672268907,238
Monica,surprise -> neutral -> surprise -> neutral,2,0.008403361344537815,238
Monica,anger -> fear -> neutral -> neutral,1,0.004201680672268907,238
Monica,joy -> joy -> anger -> neutral,1,0.004201680672268907,238
Monica,neutral -> neutral -> sadness -> neutral,2,0.008403361344537815,238
Monica,neutral -> surprise -> joy -> neutral,2,0.008403361344537815,238
Monica,anger -> surprise -> neutral -> neutral,1,0.004201680672268907,238
Monica,surprise -> joy -> joy -> neutral,2,0.008403361344537815,238
Monica,joy -> neutral -> surprise -> neutral,1,0.004201680672268907,238
Monica,disgust -> neutral -> joy -> neutral,1,0.004201680672268907,238
Monica,disgust -> surprise -> sadness -> neutral,1,0.004201680672268907,238
Monica,surprise -> sadness -> neutral -> neutral,1,0.004201680672268907,238
Monica,neutral -> neutral -> disgust -> neutral,2,0.008403361344537815,238
Monica,disgust -> sadness -> joy -> neutral,1,0.004201680672268907,238
Monica,sadness -> joy -> neutral -> neutral,2,0.008403361344537815,238
Monica,neutral -> sadness -> surprise -> neutral,2,0.008403361344537815,238
Monica,sadness -> surprise -> neutral -> neutral,2,0.008403361344537815,238
Monica,joy -> neutral -> sadness -> neutral,1,0.004201680672268907,238
Monica,neutral -> joy -> sadness -> neutral,1,0.004201680672268907,238
Monica,neutral -> anger -> joy -> neutral,2,0.008403361344537815,238
Monica,joy -> neutral -> fear -> neutral,1,0.004201680672268907,238
Monica,neutral -> fear -> neutral -> neutral,1,0.004201680672268907,238
Monica,anger -> sadness -> joy -> neutral,2,0.008403361344537815,238
Monica,neutral -> anger -> surprise -> neutral,1,0.004201680672268907,238
Monica,fear -> anger -> neutral -> neutral,1,0.004201680672268907,238
Monica,sadness -> joy -> joy -> neutral,1,0.004201680672268907,238
Monica,fear -> fear -> anger -> neutral,1,0.004201680672268907,238
Monica,anger -> sadness -> neutral -> neutral,1,0.004201680672268907,238
Monica,anger -> anger -> neutral -> neutral,3,0.012605042016806723,238
Monica,joy -> neutral -> joy -> neutral,2,0.008403361344537815,238
Monica,anger -> disgust -> anger -> neutral,1,0.004201680672268907,238
Monica,disgust -> anger -> neutral -> neutral,1,0.004201680672268907,238
Monica,sadness -> surprise -> joy -> neutral,1,0.004201680672268907,238
Monica,neutral -> disgust -> anger -> neutral,1,0.004201680672268907,238
Monica,neutral -> disgust -> disgust -> neutral,1,0.004201680672268907,238
Monica,disgust -> anger -> surprise -> neutral,1,0.004201680672268907,238
Monica,surprise -> anger -> surprise -> neutral,1,0.004201680672268907,238
Monica,surprise -> sadness -> sadness -> neutral,1,0.004201680672268907,238
Monica,sadness -> joy -> sadness -> neutral,1,0.004201680672268907,238
Monica,fear -> surprise -> surprise -> neutral,1,0.004201680672268907,238
Phoebe,surprise -> surprise -> neutral -> neutral,3,0.01090909090909091,275
Phoebe,surprise -> neutral -> neutral -> neutral,8,0.02909090909090909,275
Phoebe,surprise -> anger -> disgust -> neutral,1,0.0036363636363636364,275
Phoebe,anger -> disgust -> neutral -> neutral,1,0.0036363636363636364,275
Phoebe,joy -> neutral -> neutral -> neutral,12,0.04363636363636364,275
Phoebe,neutral -> neutral -> neutral -> neutral,63,0.2290909090909091,275
Phoebe,neutral -> sadness -> joy -> neutral,1,0.0036363636363636364,275
Phoebe,anger -> joy -> joy -> neutral,2,0.007272727272727273,275
Phoebe,joy -> joy -> neutral -> neutral,5,0.01818181818181818,275
Phoebe,neutral -> joy -> joy -> neutral,7,0.025454545454545455,275
Phoebe,sadness -> anger -> neutral -> neutral,2,0.007272727272727273,275
Phoebe,sadness -> anger -> anger -> neutral,2,0.007272727272727273,275
Phoebe,anger -> anger -> neutral -> neutral,6,0.02181818181818182,275
Phoebe,neutral -> neutral -> surprise -> neutral,5,0.01818181818181818,275
Phoebe,anger -> neutral -> anger -> neutral,1,0.0036363636363636364,275
Phoebe,neutral -> joy -> neutral -> neutral,12,0.04363636363636364,275
Phoebe,neutral -> neutral -> joy -> neutral,13,0.04727272727272727,275
Phoebe,joy -> neutral -> anger -> neutral,2,0.007272727272727273,275
Phoebe,neutral -> surprise -> joy -> neutral,2,0.007272727272727273,275
Phoebe,neutral -> anger -> joy -> neutral,2,0.007272727272727273,275
Phoebe,joy -> joy -> disgust -> neutral,3,0.01090909090909091,275
Phoebe,sadness -> sadness -> sadness -> neutral,1,0.0036363636363636364,275
Phoebe,surprise -> neutral -> anger -> neutral,3,0.01090909090909091,275
Phoebe,fear -> anger -> neutral -> neutral,1,0.0036363636363636364,275
Phoebe,anger -> surprise -> joy -> neutral,2,0.007272727272727273,275
Phoebe,neutral -> fear -> neutral -> neutral,3,0.01090909090909091,275
Phoebe,fear -> neutral -> neutral -> neutral,4,0.014545454545454545,275
Phoebe,joy -> neutral -> joy -> neutral,3,0.01090909090909091,275
Phoebe,joy -> joy -> sadness -> neutral,1,0.0036363636363636364,275
Phoebe,sadness -> fear -> anger -> neutral,1,0.0036363636363636364,275
Phoebe,anger -> neutral -> sadness -> neutral,2,0.007272727272727273,275
Phoebe,joy -> sadness -> joy -> neutral,1,0.0036363636363636364,275
Phoebe,joy -> joy -> joy -> neutral,4,0.014545454545454545,275
Phoebe,surprise -> disgust -> disgust -> neutral,1,0.0036363636363636364,275
Phoebe,neutral -> sadness -> anger -> neutral,2,0.007272727272727273,275
Phoebe,anger -> neutral -> neutral -> neutral,4,0.014545454545454545,275
Phoebe,neutral -> sadness -> neutral -> neutral,7,0.025454545454545455,275
Phoebe,sadness -> neutral -> neutral -> neutral,6,0.02181818181818182,275
Phoebe,surprise -> surprise -> surprise -> neutral,3,0.01090909090909091,275
Phoebe,neutral -> surprise -> fear -> neutral,1,0.0036363636363636364,275
Phoebe,sadness -> sadness -> neutral -> neutral,3,0.01090909090909091,275
Phoebe,joy -> neutral -> sadness -> neutral,2,0.007272727272727273,275
Phoebe,neutral -> anger -> anger -> neutral,4,0.014545454545454545,275
Phoebe,joy -> neutral -> surprise -> neutral,1,0.0036363636363636364,275
Phoebe,neutral -> neutral -> disgust -> neutral,1,0.0036363636363636364,275
Phoebe,neutral -> disgust -> neutral -> neutral,1,0.0036363636363636364,275
Phoebe,joy -> surprise -> joy -> neutral,1,0.0036363636363636364,275
Phoebe,surprise -> neutral -> surprise -> neutral,3,0.01090909090909091,275
Phoebe,anger -> disgust -> disgust -> neutral,1,0.0036363636363636364,275
Phoebe,disgust -> neutral -> anger -> neutral,1,0.0036363636363636364,275
Phoebe,neutral -> surprise -> neutral -> neutral,3,0.01090909090909091,275
Phoebe,anger -> anger -> anger -> neutral,4,0.014545454545454545,275
Phoebe,neutral -> neutral -> anger -> neutral,3,0.01090909090909091,275
Phoebe,neutral -> anger -> neutral -> neutral,2,0.007272727272727273,275
Phoebe,neutral -> joy -> surprise -> neutral,3,0.01090909090909091,275
Phoebe,neutral -> joy -> fear -> neutral,1,0.0036363636363636364,275
Phoebe,surprise -> joy -> neutral -> neutral,2,0.007272727272727273,275
Phoebe,neutral -> neutral -> fear -> neutral,2,0.007272727272727273,275
Phoebe,neutral -> neutral -> sadness -> neutral,2,0.007272727272727273,275
Phoebe,sadness -> neutral -> sadness -> neutral,1,0.0036363636363636364,275
Phoebe,joy -> disgust -> neutral -> neutral,1,0.0036363636363636364,275
Phoebe,joy -> surprise -> neutral -> neutral,2,0.007272727272727273,275
Phoebe,anger -> disgust -> anger -> neutral,1,0.0036363636363636364,275
Phoebe,anger -> anger -> sadness -> neutral,1,0.0036363636363636364,275
Phoebe,surprise -> joy -> sadness -> neutral,1,0.0036363636363636364,275
Phoebe,surprise -> joy -> joy -> neutral,1,0.0036363636363636364,275
Phoebe,surprise -> anger -> sadness -> neutral,1,0.0036363636363636364,275
Phoebe,fear -> sadness -> anger -> neutral,1,0.0036363636363636364,275
Phoebe,surprise -> neutral -> sadness -> neutral,1,0.0036363636363636364,275
Phoebe,surprise -> surprise -> joy -> neutral,1,0.0036363636363636364,275
Phoebe,neutral -> joy -> anger -> neutral,1,0.0036363636363636364,275
Phoebe,joy -> disgust -> fear -> neutral,1,0.0036363636363636364,275
Phoebe,neutral -> surprise -> sadness -> neutral,1,0.0036363636363636364,275
Phoebe,neutral -> anger -> fear -> neutral,1,0.0036363636363636364,275
Phoebe,anger -> fear -> neutral -> neutral,1,0.0036363636363636364,275
Phoebe,sadness -> surprise -> surprise -> neutral,1,0.0036363636363636364,275
Phoebe,fear -> sadness -> surprise -> neutral,1,0.0036363636363636364,275
Phoebe,surprise -> neutral -> joy -> neutral,1,0.0036363636363636364,275
Phoebe,neutral -> sadness -> sadness -> neutral,2,0.007272727272727273,275
Phoebe,disgust -> fear -> fear -> neutral,1,0.0036363636363636364,275
Phoebe,fear -> fear -> neutral -> neutral,2,0.007272727272727273,275
Phoebe,joy -> sadness -> neutral -> neutral,1,0.0036363636363636364,275
Phoebe,surprise -> sadness -> sadness -> neutral,1,0.0036363636363636364,275
Phoebe,neutral -> fear -> fear -> neutral,1,0.0036363636363636364,275
Phoebe,neutral -> disgust -> disgust -> neutral,1,0.0036363636363636364,275
Phoebe,anger -> anger -> surprise -> neutral,1,0.0036363636363636364,275
Phoebe,anger -> sadness -> anger -> neutral,1,0.0036363636363636364,275
Phoebe,surprise -> sadness -> joy -> neutral,1,0.0036363636363636364,275
Rachel,surprise -> surprise -> neutral -> neutral,4,0.013745704467353952,291
Rachel,neutral -> joy -> joy -> neutral,4,0.013745704467353952,291
Rachel,joy -> joy -> neutral -> neutral,8,0.027491408934707903,291
Rachel,neutral -> neutral -> neutral -> neutral,52,0.17869415807560138,291
Rachel,joy -> surprise -> joy -> neutral,2,0.006872852233676976,291
Rachel,neutral -> neutral -> surprise -> neutral,7,0.024054982817869417,291
Rachel,neutral -> surprise -> neutral -> neutral,8,0.027491408934707903,291
Rachel,anger -> anger -> disgust -> neutral,1,0.003436426116838488,291
Rachel,fear -> disgust -> joy -> neutral,1,0.003436426116838488,291
Rachel,disgust -> joy -> neutral -> neutral,1,0.003436426116838488,291
Rachel,surprise -> surprise -> anger -> neutral,1,0.003436426116838488,291
Rachel,surprise -> anger -> neutral -> neutral,2,0.006872852233676976,291
Rachel,joy -> neutral -> neutral -> neutral,15,0.05154639175257732,291
Rachel,sadness -> sadness -> sadness -> neutral,2,0.006872852233676976,291
Rachel,joy -> anger -> disgust -> neutral,1,0.003436426116838488,291
Rachel,anger -> disgust -> neutral -> neutral,1,0.003436426116838488,291
Rachel,disgust -> neutral -> neutral -> neutral,2,0.006872852233676976,291
Rachel,joy -> surprise -> sadness -> neutral,1,0.003436426116838488,291
Rachel,surprise -> sadness -> neutral -> neutral,2,0.006872852233676976,291
Rachel,joy -> sadness -> neutral -> neutral,1,0.003436426116838488,291
Rachel,neutral -> neutral -> sadness -> neutral,6,0.020618556701030927,291
Rachel,neutral -> neutral -> joy -> neutral,11,0.037800687285223365,291
Rachel,neutral -> joy -> neutral -> neutral,14,0.048109965635738834,291
Rachel,sadness -> anger -> anger -> neutral,2,0.006872852233676976,291
Rachel,anger -> anger -> neutral -> neutral,6,0.020618556701030927,291
Rachel,anger -> neutral -> neutral -> neutral,5,0.01718213058419244,291
Rachel,sadness -> surprise -> surprise -> neutral,1,0.003436426116838488,291
Rachel,neutral -> neutral -> anger -> neutral,5,0.01718213058419244,291
Rachel,joy -> disgust -> disgust -> neutral,1,0.003436426116838488,291
Rachel,disgust -> disgust -> neutral -> neutral,1,0.003436426116838488,291
Rachel,joy -> joy -> joy -> neutral,8,0.027491408934707903,291
Rachel,joy -> neutral -> surprise -> neutral,3,0.010309278350515464,291
Rachel,surprise -> neutral -> neutral -> neutral,5,0.01718213058419244,291
Rachel,neutral -> anger -> anger -> neutral,2,0.006872852233676976,291
Rachel,sadness -> anger -> joy -> neutral,1,0.003436426116838488,291
Rachel,neutral -> anger -> surprise -> neutral,2,0.006872852233676976,291
Rachel,surprise -> anger -> surprise -> neutral,1,0.003436426116838488,291
Rachel,surprise -> neutral -> sadness -> neutral,1,0.003436426116838488,291
Rachel,neutral -> sadness -> neutral -> neutral,7,0.024054982817869417,291
Rachel,sadness -> neutral -> neutral -> neutral,3,0.010309278350515464,291
Rachel,surprise -> surprise -> joy -> neutral,3,0.010309278350515464,291
Rachel,surprise -> joy -> neutral -> neutral,3,0.010309278350515464,291
Rachel,neutral -> surprise -> joy -> neutral,4,0.013745704467353952,291
Rachel,anger -> neutral -> joy -> neutral,1,0.003436426116838488,291
Rachel,sadness -> neutral -> sadness -> neutral,2,0.006872852233676976,291
Rachel,neutral -> sadness -> joy -> neutral,2,0.006872852233676976,291
Rachel,joy -> joy -> sadness -> neutral,1,0.003436426116838488,291
Rachel,sadness -> surprise -> sadness -> neutral,2,0.006872852233676976,291
Rachel,joy -> joy -> surprise -> neutral,4,0.013745704467353952,291
Rachel,joy -> surprise -> neutral -> neutral,3,0.010309278350515464,291
Rachel,joy -> neutral -> joy -> neutral,6,0.020618556701030927,291
Rachel,joy -> joy -> disgust -> neutral,1,0.003436426116838488,291
Rachel,anger -> surprise -> surprise -> neutral,1,0.003436426116838488,291
Rachel,neutral -> surprise -> surprise -> neutral,2,0.006872852233676976,291
Rachel,fear -> joy -> surprise -> neutral,1,0.003436426116838488,291
Rachel,disgust -> surprise -> surprise -> neutral,1,0.003436426116838488,291
Rachel,neutral -> surprise -> sadness -> neutral,1,0.003436426116838488,291
Rachel,fear -> neutral -> sadness -> neutral,1,0.003436426116838488,291
Rachel,anger -> anger -> sadness -> neutral,1,0.003436426116838488,291
Rachel,anger -> sadness -> neutral -> neutral,1,0.003436426116838488,291
Rachel,sadness -> sadness -> fear -> neutral,2,0.006872852233676976,291
Rachel,joy -> joy -> anger -> neutral,1,0.003436426116838488,291
Rachel,joy -> anger -> neutral -> neutral,1,0.003436426116838488,291
Rachel,neutral -> neutral -> disgust -> neutral,1,0.003436426116838488,291
Rachel,anger -> sadness -> anger -> neutral,1,0.003436426116838488,291
Rachel,anger -> neutral -> anger -> neutral,1,0.003436426116838488,291
Rachel,neutral -> anger -> neutral -> neutral,4,0.013745704467353952,291
Rachel,sadness -> joy -> neutral -> neutral,1,0.003436426116838488,291
Rachel,fear -> neutral -> joy -> neutral,1,0.003436426116838488,291
Rachel,sadness -> neutral -> joy -> neutral,2,0.006872852233676976,291
Rachel,anger -> sadness -> surprise -> neutral,1,0.003436426116838488,291
Rachel,anger -> surprise -> disgust -> neutral,1,0.003436426116838488,291
Rachel,surprise -> disgust -> neutral -> neutral,1,0.003436426116838488,291
Rachel,joy -> surprise -> surprise -> neutral,1,0.003436426116838488,291
Rachel,neutral -> fear -> surprise -> neutral,1,0.003436426116838488,291
Rachel,sadness -> sadness -> anger -> neutral,1,0.003436426116838488,291
Rachel,neutral -> sadness -> surprise -> neutral,1,0.003436426116838488,291
Rachel,anger -> anger -> joy -> neutral,1,0.003436426116838488,291
Rachel,neutral -> fear -> sadness -> neutral,1,0.003436426116838488,291
Rachel,sadness -> sadness -> surprise -> neutral,1,0.003436426116838488,291
Rachel,sadness -> surprise -> neutral -> neutral,1,0.003436426116838488,291
Rachel,anger -> anger -> anger -> neutral,4,0.013745704467353952,291
Rachel,sadness -> disgust -> sadness -> neutral,1,0.003436426116838488,291
Rachel,surprise -> sadness -> fear -> neutral,1,0.003436426116838488,291
Rachel,sadness -> joy -> sadness -> neutral,1,0.003436426116838488,291
Rachel,sadness -> neutral -> fear -> neutral,1,0.003436426116838488,291
Rachel,anger -> anger -> fear -> neutral,1,0.003436426116838488,291
Rachel,surprise -> joy -> joy -> neutral,1,0.003436426116838488,291
Rachel,neutral -> surprise -> fear -> neutral,1,0.003436426116838488,291
Rachel,neutral -> joy -> sadness -> neutral,1,0.003436426116838488,291
Rachel,joy -> neutral -> sadness -> neutral,2,0.006872852233676976,291
Rachel,surprise -> surprise -> surprise -> neutral,1,0.003436426116838488,291
Rachel,sadness -> fear -> neutral -> neutral,1,0.003436426116838488,291
Rachel,sadness -> anger -> neutral -> neutral,1,0.003436426116838488,291
Rachel,neutral -> sadness -> sadness -> neutral,1,0.003436426116838488,291
Rachel,surprise -> anger -> anger -> neutral,2,0.006872852233676976,291
Rachel,sadness -> joy -> anger -> neutral,1,0.003436426116838488,291
Rachel,neutral -> joy -> fear -> neutral,1,0.003436426116838488,291
Rachel,surprise -> neutral -> joy -> neutral,1,0.003436426116838488,291
Ross,joy -> neutral -> neutral -> neutral,16,0.04289544235924933,373
Ross,neutral -> joy -> sadness -> neutral,2,0.005361930294906166,373
Ross,neutral -> surprise -> anger -> neutral,2,0.005361930294906166,373
Ross,surprise -> anger -> neutral -> neutral,2,0.005361930294906166,373
Ross,anger -> anger -> anger -> neutral,9,0.024128686327077747,373
Ross,neutral -> neutral -> neutral -> neutral,99,0.26541554959785524,373
Ross,surprise -> joy -> joy -> neutral,2,0.005361930294906166,373
Ross,joy -> joy -> neutral -> neutral,7,0.01876675603217158,373
Ross,neutral -> surprise -> fear -> neutral,1,0.002680965147453083,373
Ross,surprise -> fear -> neutral -> neutral,1,0.002680965147453083,373
Ross,neutral -> neutral -> fear -> neutral,6,0.0160857908847185,373
Ross,neutral -> neutral -> surprise -> neutral,6,0.0160857908847185,373
Ross,neutral -> anger -> fear -> neutral,1,0.002680965147453083,373
Ross,joy -> joy -> joy -> neutral,4,0.010723860589812333,373
Ross,neutral -> neutral -> joy -> neutral,17,0.045576407506702415,373
Ross,sadness -> joy -> sadness -> neutral,2,0.005361930294906166,373
Ross,joy -> neutral -> joy -> neutral,2,0.005361930294906166,373
Ross,neutral -> fear -> surprise -> neutral,1,0.002680965147453083,373
Ross,neutral -> anger -> joy -> neutral,1,0.002680965147453083,373
Ross,anger -> joy -> neutral -> neutral,1,0.002680965147453083,373
Ross,sadness -> joy -> joy -> neutral,2,0.005361930294906166,373
Ross,surprise -> sadness -> fear -> neutral,1,0.002680965147453083,373
Ross,sadness -> fear -> neutral -> neutral,1,0.002680965147453083,373
Ross,joy -> neutral -> anger -> neutral,2,0.005361930294906166,373
Ross,neutral -> anger -> neutral -> neutral,8,0.021447721179624665,373
Ross,neutral -> neutral -> anger -> neutral,7,0.01876675603217158,373
Ross,surprise -> anger -> anger -> neutral,1,0.002680965147453083,373
Ross,neutral -> joy -> neutral -> neutral,11,0.029490616621983913,373
Ross,neutral -> neutral -> sadness -> neutral,9,0.024128686327077747,373
Ross,anger -> neutral -> neutral -> neutral,6,0.0160857908847185,373
Ross,neutral -> surprise -> surprise -> neutral,3,0.00804289544235925,373
Ross,surprise -> neutral -> joy -> neutral,2,0.005361930294906166,373
Ross,joy -> sadness -> joy -> neutral,2,0.005361930294906166,373
Ross,neutral -> sadness -> neutral -> neutral,8,0.021447721179624665,373
Ross,sadness -> neutral -> neutral -> neutral,9,0.024128686327077747,373
Ross,neutral -> anger -> sadness -> neutral,3,0.00804289544235925,373
Ross,neutral -> surprise -> sadness -> neutral,2,0.005361930294906166,373
Ross,anger -> surprise -> surprise -> neutral,1,0.002680965147453083,373
Ross,joy -> sadness -> neutral -> neutral,4,0.010723860589812333,373
Ross,joy -> joy -> surprise -> neutral,2,0.005361930294906166,373
Ross,neutral -> surprise -> neutral -> neutral,4,0.010723860589812333,373
Ross,neutral -> joy -> anger -> neutral,1,0.002680965147453083,373
Ross,joy -> neutral -> surprise -> neutral,5,0.013404825737265416,373
Ross,surprise -> neutral -> neutral -> neutral,6,0.0160857908847185,373
Ross,neutral -> joy -> joy -> neutral,5,0.013404825737265416,373
Ross,joy -> surprise -> joy -> neutral,2,0.005361930294906166,373
Ross,surprise -> surprise -> neutral -> neutral,3,0.00804289544235925,373
Ross,surprise -> anger -> joy -> neutral,1,0.002680965147453083,373
Ross,joy -> joy -> fear -> neutral,1,0.002680965147453083,373
Ross,joy -> fear -> neutral -> neutral,1,0.002680965147453083,373
Ross,neutral -> fear -> neutral -> neutral,4,0.010723860589812333,373
Ross,fear -> neutral -> neutral -> neutral,4,0.010723860589812333,373
Ross,surprise -> fear -> sadness -> neutral,1,0.002680965147453083,373
Ross,neutral -> sadness -> sadness -> neutral,2,0.005361930294906166,373
Ross,sadness -> sadness -> neutral -> neutral,2,0.005361930294906166,373
Ross,anger -> sadness -> neutral -> neutral,2,0.005361930294906166,373
Ross,neutral -> sadness -> joy -> neutral,1,0.002680965147453083,373
Ross,joy -> neutral -> disgust -> neutral,1,0.002680965147453083,373
Ross,neutral -> disgust -> neutral -> neutral,2,0.005361930294906166,373
Ross,joy -> joy -> anger -> neutral,2,0.005361930294906166,373
Ross,neutral -> joy -> surprise -> neutral,2,0.005361930294906166,373
Ross,neutral -> fear -> joy -> neutral,1,0.002680965147453083,373
Ross,anger -> anger -> disgust -> neutral,1,0.002680965147453083,373
Ross,anger -> disgust -> neutral -> neutral,1,0.002680965147453083,373
Ross,disgust -> neutral -> neutral -> neutral,1,0.002680965147453083,373
Ross,surprise -> sadness -> neutral -> neutral,1,0.002680965147453083,373
Ross,joy -> joy -> sadness -> neutral,2,0.005361930294906166,373
Ross,sadness -> sadness -> surprise -> neutral,2,0.005361930294906166,373
Ross,neutral -> surprise -> joy -> neutral,1,0.002680965147453083,373
Ross,surprise -> joy -> neutral -> neutral,1,0.002680965147453083,373
Ross,fear -> fear -> joy -> neutral,1,0.002680965147453083,373
Ross,anger -> sadness -> sadness -> neutral,3,0.00804289544235925,373
Ross,sadness -> neutral -> fear -> neutral,1,0.002680965147453083,373
Ross,fear -> fear -> neutral -> neutral,1,0.002680965147453083,373
Ross,anger -> neutral -> surprise -> neutral,1,0.002680965147453083,373
Ross,neutral -> sadness -> fear -> neutral,1,0.002680965147453083,373
Ross,joy -> joy -> disgust -> neutral,1,0.002680965147453083,373
Ross,surprise -> surprise -> surprise -> neutral,2,0.005361930294906166,373
Ross,surprise -> neutral -> anger -> neutral,1,0.002680965147453083,373
Ross,anger -> neutral -> joy -> neutral,1,0.002680965147453083,373
Ross,surprise -> anger -> surprise -> neutral,2,0.005361930294906166,373
Ross,anger -> surprise -> neutral -> neutral,2,0.005361930294906166,373
Ross,sadness -> neutral -> joy -> neutral,1,0.002680965147453083,373
Ross,sadness -> sadness -> sadness -> neutral,2,0.005361930294906166,373
Ross,sadness -> surprise -> joy -> neutral,1,0.002680965147453083,373
Ross,sadness -> disgust -> anger -> neutral,1,0.002680965147453083,373
Ross,disgust -> anger -> neutral -> neutral,1,0.002680965147453083,373
Ross,joy -> anger -> anger -> neutral,1,0.002680965147453083,373
Ross,anger -> neutral -> anger -> neutral,2,0.005361930294906166,373
Ross,neutral -> anger -> anger -> neutral,1,0.002680965147453083,373
Ross,joy -> anger -> joy -> neutral,1,0.002680965147453083,373
Ross,joy -> neutral -> sadness -> neutral,1,0.002680965147453083,373
Ross,neutral -> joy -> disgust -> neutral,1,0.002680965147453083,373
Ross,joy -> sadness -> sadness -> neutral,1,0.002680965147453083,373
Ross,sadness -> neutral -> sadness -> neutral,1,0.002680965147453083,373
Ross,sadness -> sadness -> joy -> neutral,3,0.00804289544235925,373
Ross,sadness -> joy -> neutral -> neutral,3,0.00804289544235925,373
Ross,anger -> joy -> joy -> neutral,1,0.002680965147453083,373
Ross,neutral -> disgust -> disgust -> neutral,1,0.002680965147453083,373
Ross,surprise -> surprise -> joy -> neutral,1,0.002680965147453083,373
Ross,neutral -> neutral -> disgust -> neutral,1,0.002680965147453083,373
Ross,anger -> anger -> neutral -> neutral,2,0.005361930294906166,373
